record_id,bank,location_type,name,zone,address,phone,municipality,province,country,country_code,latitude,longitude,geocoded_address,geocode_query,geocode_quality,coordinate_source,google_maps_coordinate_pattern,google_maps_url,source,source_url,api_id,category,extended_hours,actions_performed,fax,special_instructions,weekday_schedule_json,created_at_source,updated_at_source,published_at_source
2e444260357f3a20,Banco BHD,branch,Centro Cultural,,"Calle Pro Juan Bosch, Zona Universitaria",,,,Dominican Republic,DO,18.47817,-69.73682,"Calle Pro Juan Bosch, Zona Universitaria",,official_api,bhd_official_api,,,bhd_public_locations_api,https://backend.bhd.com.do/api/locations,4,sucursales,,,,,[],2022-12-02T07:29:29.390Z,2022-12-23T06:35:04.473Z,2022-12-02T07:29:31.201Z
75e5ae6b3a7d00a3,Banco BHD,branch,Estación Amín Abel,,"Calle Prof Juan Bosch, Zona Universitaria",,,,Dominican Republic,DO,18.4861,-69.9312,"Calle Prof Juan Bosch, Zona Universitaria",,official_api,bhd_official_api,,,bhd_public_locations_api,https://backend.bhd.com.do/api/locations,1,sucursales,,,,,[],2022-12-01T18:14:26.719Z,2022-12-01T18:37:22.471Z,2022-12-01T18:14:28.871Z
69fdb6999276f0c5,Banco BHD,branch,Sucursal Barahona,,"Enriquillo Mota Km 1.5, Barahona 81000",829-822-5000,,,Dominican Republic,DO,18.2089,-71.0953,"Enriquillo Mota Km 1.5, Barahona 81000",,official_api,bhd_official_api,,,bhd_public_locations_api,https://backend.bhd.com.do/api/locations,1612,sucursales,True,,,,"[{""id"":9462,""open_closing_time"":""9:00 a. m. a 7:00 p. m."",""weekday"":""monday""},{""id"":9463,""open_closing_time"":""9:00 a. m. a 7:00 p. m."",""weekday"":""tuesday""},{""id"":9464,""open_closing_time"":""9:00 a. m. a 7:00 p. m."",""weekday"":""wednesday""},{""id"":9465,""open_closing_time"":""9:00 a. m. a 7:00 p. m."",""weekday"":""thursday""},{""id"":9466,""open_closing_time"":""9:00 a. m. a 7:00 p. m."",""weekday"":""friday""},{""id"":9467,""open_closing_time"":""9:00 a. m. a 1:00 p. m."",""weekday"":""saturday""},{""id"":9468,""open_closing_time"":""Cerrado"",""weekday"":""sunday""}]",2026-06-26T20:25:14.912Z,2026-06-26T20:25:17.161Z,2026-06-26T20:25:17.154Z
f3ea6250d9a76c42,Banco BHD,branch,Agencia Boca Chica,ESTE,"Autopista Las Américas Km. 30, Municipio Boca Chica",809-243-5550,,,Dominican Republic,DO,18.45448,-69.60458,"Autopista Las Américas Km. 30, Municipio Boca Chica",,official_api,bhd_official_api,,,bhd_public_locations_api,https://backend.bhd.com.do/api/locations,13,sucursales,False,Puedes realizar tus transacciones y solicitar tus servicios donde ejecutivos especializados te brindarán una asesoría personalizada de acuerdo a tus necesidades.,,Horario de Autobanco: Autobanco: lunes a viernes 8:30 a. m. a 5:00 p. m.,"[{""id"":24,""open_closing_time"":""8:30 am - 4:00 pm"",""weekday"":""monday""},{""id"":26,""open_closing_time"":""8:30 am - 4:00 pm"",""weekday"":""tuesday""},{""id"":25,""open_closing_time"":""8:30 am - 4:00 pm"",""weekday"":""wednesday""},{""id"":27,""open_closing_time"":""8:30 am - 4:00 pm"",""weekday"":""thursday""},{""id"":28,""open_closing_time"":""8:30 am - 4:00 pm"",""weekday"":""friday""},{""id"":29,""open_closing_time"":""9:00 am a 1:00 pm"",""weekday"":""saturday""},{""id"":1159,""open_closing_time"":""Cerrado"",""weekday"":""sunday""}]",2023-01-04T17:32:58.220Z,2025-10-06T21:46:17.884Z,2023-02-09T14:13:49.840Z
d0a70fa3625a4e85,Banco BHD,branch,Agencia Monte Plata,ESTE,"Calle Altagracia Esq. Luis A. Rojas Monte Plata, Rep. Dom.",829-243-5000,,,Dominican Republic,DO,18.80867,-69.78476,"Calle Altagracia Esq. Luis A. Rojas Monte Plata, Rep. Dom.",,official_api,bhd_official_api,,,bhd_public_locations_api,https://backend.bhd.com.do/api/locations,15,sucursales,False,Puedes realizar tus transacciones y solicitar tus servicios donde ejecutivos especializados te brindarán una asesoría personalizada de acuerdo a tus necesidades.,,,"[{""id"":37,""open_closing_time"":""8:30 am - 4:00 pm"",""weekday"":""monday""},{""id"":36,""open_closing_time"":""8:30 am - 4:00 pm"",""weekday"":""tuesday""},{""id"":38,""open_closing_time"":""8:30 am - 4:00 pm"",""weekday"":""wednesday""},{""id"":39,""open_closing_time"":""8:30 am - 4:00 pm"",""weekday"":""thursday""},{""id"":40,""open_closing_time"":""8:30 am - 4:00 pm"",""weekday"":""friday""},{""id"":41,""open_closing_time"":""9:00 am - 1:00 pm"",""weekday"":""saturday""},{""id"":1161,""open_closing_time"":""Cerrado"",""weekday"":""sunday""}]",2023-01-04T17:36:33.396Z,2023-02-20T18:02:03.402Z,2023-02-09T14:13:49.840Z
343c6b895bf811cb,Banco BHD,branch,Agencia Multiplaza Higuey,ESTE,"En La Intersección De Las Calles José A. Santana Y Hermanos Trejo, Municipio De Higuey, Provincia La Altagracia, R.D.",809-831-7020,,,Dominican Republic,DO,18.6015144,-68.7190369,"En La Intersección De Las Calles José A. Santana Y Hermanos Trejo, Municipio De Higuey, Provincia La Altagracia, R.D.",,official_api,bhd_official_api,,,bhd_public_locations_api,https://backend.bhd.com.do/api/locations,16,sucursales,False,Puedes realizar tus transacciones y solicitar tus servicios donde ejecutivos especializados te brindarán una asesoría personalizada de acuerdo a tus necesidades.,,,"[{""id"":42,""open_closing_time"":""9:00 am - 7:00 pm"",""weekday"":""monday""},{""id"":43,""open_closing_time"":""9:00 am - 7:00 pm"",""weekday"":""tuesday""},{""id"":44,""open_closing_time"":""9:00 am - 7:00 pm"",""weekday"":""wednesday""},{""id"":45,""open_closing_time"":""9:00 am - 7:00 pm"",""weekday"":""thursday""},{""id"":46,""open_closing_time"":""9:00 am - 7:00 pm"",""weekday"":""friday""},{""id"":47,""open_closing_time"":""9:00 am a 2:00 pm"",""weekday"":""saturday""},{""id"":1162,""open_closing_time"":""Cerrado"",""weekday"":""sunday""}]",2023-01-04T17:38:51.706Z,2023-02-20T18:06:30.677Z,2023-02-09T14:13:49.840Z
720a273824d08d00,Banco BHD,branch,Agencia San Pedro de Macorís I,ESTE,"Calle Independencia Esq. Dr. Tío , San Pedro De Macorís, Rep. Dom.",809-830-7000,,,Dominican Republic,DO,18.45638,-69.30648,"Calle Independencia Esq. Dr. Tío , San Pedro De Macorís, Rep. Dom.",,official_api,bhd_official_api,,,bhd_public_locations_api,https://backend.bhd.com.do/api/locations,11,sucursales,False,Puedes realizar tus transacciones y solicitar tus servicios donde ejecutivos especializados te brindarán una asesoría personalizada de acuerdo a tus necesidades.,,Horario de Autocaja: Lunes a Viernes 8:30 a.m. - 5:00 p.m.,"[{""id"":12,""open_closing_time"":""8:30 am - 4:00 pm"",""weekday"":""monday""},{""id"":14,""open_closing_time"":""8:30 am - 4:00 pm"",""weekday"":""tuesday""},{""id"":13,""open_closing_time"":""8:30 am - 4:00 pm"",""weekday"":""wednesday""},{""id"":15,""open_closing_time"":""8:30 am - 4:00 pm"",""weekday"":""thursday""},{""id"":16,""open_closing_time"":""8:30 am - 4:00 pm"",""weekday"":""friday""},{""id"":17,""open_closing_time"":""9:00 am a 1:00 pm"",""weekday"":""saturday""},{""id"":1157,""open_closing_time"":""Cerrado"",""weekday"":""sunday""}]",2023-01-04T14:40:53.337Z,2023-11-23T15:38:06.674Z,2023-02-09T14:13:49.840Z
95e27b017fd6f143,Banco BHD,branch,Agencia Verón,ESTE,"Carretera Verón, Cruce De Verón-Bávaro, Provincia Higuey",809-831-7002,,,Dominican Republic,DO,18.60091,-68.42003,"Carretera Verón, Cruce De Verón-Bávaro, Provincia Higuey",,official_api,bhd_official_api,,,bhd_public_locations_api,https://backend.bhd.com.do/api/locations,17,sucursales,False,Puedes realizar tus transacciones y solicitar tus servicios donde ejecutivos especializados te brindarán una asesoría personalizada de acuerdo a tus necesidades.,,HORARIO DE AUTO BANCO: LUNES A VIERNES DE 8:30 A. M. A 5:00 P. M.,"[{""id"":48,""open_closing_time"":""8:30 am - 4:00 pm"",""weekday"":""monday""},{""id"":49,""open_closing_time"":""8:30 am - 4:00 pm"",""weekday"":""tuesday""},{""id"":50,""open_closing_time"":""8:30 am - 4:00 pm"",""weekday"":""wednesday""},{""id"":51,""open_closing_time"":""8:30 am - 4:00 pm"",""weekday"":""thursday""},{""id"":52,""open_closing_time"":""8:30 am - 4:00 pm"",""weekday"":""friday""},{""id"":53,""open_closing_time"":""9:00 am - 1:00 pm"",""weekday"":""saturday""},{""id"":1163,""open_closing_time"":""Cerrado"",""weekday"":""sunday""}]",2023-01-04T17:51:38.777Z,2026-03-18T14:53:50.708Z,2023-02-09T14:13:49.840Z
0898812c14f964c9,Banco BHD,branch,Higuey,Este,"C/ Agustín Guerrero Esq. Antonio Valdez Hijo No. 66, Municipio De Salvadeon De Higuey, Provincia La Altagracia, R.D.",809-831-7000,,,Dominican Republic,DO,18.61395,-68.71298,"C/ Agustín Guerrero Esq. Antonio Valdez Hijo No. 66, Municipio De Salvadeon De Higuey, Provincia La Altagracia, R.D.",,official_api,bhd_official_api,,,bhd_public_locations_api,https://backend.bhd.com.do/api/locations,12,sucursales,False,Puedes realizar tus transacciones y solicitar tus servicios donde ejecutivos especializados te brindarán una asesoría personalizada de acuerdo a tus necesidades.,,,"[{""id"":18,""open_closing_time"":""8:30 am - 4:00 pm"",""weekday"":""monday""},{""id"":19,""open_closing_time"":""8:30 am - 4:00 pm"",""weekday"":""tuesday""},{""id"":20,""open_closing_time"":""8:30 am - 4:00 pm"",""weekday"":""wednesday""},{""id"":21,""open_closing_time"":""8:30 am - 4:00 pm"",""weekday"":""thursday""},{""id"":22,""open_closing_time"":""8:30 am - 4:00 pm"",""weekday"":""friday""},{""id"":23,""open_closing_time"":""9:00 am a 1:00 pm"",""weekday"":""saturday""},{""id"":1158,""open_closing_time"":""Cerrado"",""weekday"":""sunday""}]",2023-01-04T14:42:42.563Z,2023-02-20T16:03:25.574Z,2023-02-09T14:13:49.840Z
52da771dd57bf543,Banco BHD,branch,La Romana II,ESTE,"Av. Santa Rosa No. 153 Esq. Calle Teniente Amado García Guerrero, La Romana",809-898-3001,,,Dominican Republic,DO,18.4293283,-68.9689527,"Av. Santa Rosa No. 153 Esq. Calle Teniente Amado García Guerrero, La Romana",,official_api,bhd_official_api,,,bhd_public_locations_api,https://backend.bhd.com.do/api/locations,14,sucursales,False,Puedes realizar tus transacciones y solicitar tus servicios donde ejecutivos especializados te brindarán una asesoría personalizada de acuerdo a tus necesidades.,,Horario de Autobanco: Lunes a Viernes 8:30 a.m. - 6:00 p.m.,"[{""id"":30,""open_closing_time"":""8:30 am - 5:00 pm"",""weekday"":""monday""},{""id"":31,""open_closing_time"":""8:30 am - 5:00 pm"",""weekday"":""tuesday""},{""id"":32,""open_closing_time"":""8:30 am - 5:00 pm"",""weekday"":""wednesday""},{""id"":33,""open_closing_time"":""8:30 am - 5:00 pm"",""weekday"":""thursday""},{""id"":34,""open_closing_time"":""8:30 am - 5:00 pm"",""weekday"":""friday""},{""id"":35,""open_closing_time"":""9:00 am - 1:00 pm"",""weekday"":""saturday""},{""id"":1160,""open_closing_time"":""Cerrado"",""weekday"":""sunday""}]",2023-01-04T17:35:04.285Z,2023-11-23T14:13:06.306Z,2023-02-09T14:13:49.840Z
195a0cf4979740f4,Banco BHD,branch,San Juan Shopping Center,ESTE,"Carretera Barcelo, Cruce De Coco Loco, ,Plaza San Juan Shopping Center",809-831-7003,,,Dominican Republic,DO,18.63993,-68.39934,"Carretera Barcelo, Cruce De Coco Loco, ,Plaza San Juan Shopping Center",,official_api,bhd_official_api,,,bhd_public_locations_api,https://backend.bhd.com.do/api/locations,18,sucursales,False,Puedes realizar tus transacciones y solicitar tus servicios donde ejecutivos especializados te brindarán una asesoría personalizada de acuerdo a tus necesidades.,,Autobanco: lunes a viernes 9:00 a. m. a 5:00 p. m.,"[{""id"":54,""open_closing_time"":""9:00 am - 5:00 pm"",""weekday"":""monday""},{""id"":55,""open_closing_time"":""9:00 am - 5:00 pm"",""weekday"":""tuesday""},{""id"":56,""open_closing_time"":""9:00 am - 5:00 pm"",""weekday"":""wednesday""},{""id"":58,""open_closing_time"":""9:00 am - 5:00 pm"",""weekday"":""thursday""},{""id"":57,""open_closing_time"":""9:00 am - 5:00 pm"",""weekday"":""thursday""},{""id"":59,""open_closing_time"":""9:00 am - 5:00 pm"",""weekday"":""friday""},{""id"":60,""open_closing_time"":""9:00 am - 1:00 pm"",""weekday"":""saturday""},{""id"":1164,""open_closing_time"":""Cerrado"",""weekday"":""sunday""}]",2023-01-04T18:04:19.444Z,2026-03-18T15:05:43.364Z,2023-02-09T14:13:49.840Z
eb803ca3761be60f,Banco BHD,branch,Sucursal Bávaro,ESTE,"Plaza Caney I, Carretera Arena Gorda, Bávaro, Provincia La Altagracia Rep. Dom.",809-831-7001,,,Dominican Republic,DO,18.68668,-68.45337,"Plaza Caney I, Carretera Arena Gorda, Bávaro, Provincia La Altagracia Rep. Dom.",,official_api,bhd_official_api,,,bhd_public_locations_api,https://backend.bhd.com.do/api/locations,19,sucursales,False,Puedes realizar tus transacciones y solicitar tus servicios donde ejecutivos especializados te brindarán una asesoría personalizada de acuerdo a tus necesidades.,,,"[{""id"":61,""open_closing_time"":""8:30 am - 4:00 pm"",""weekday"":""monday""},{""id"":62,""open_closing_time"":""8:30 am - 4:00 pm"",""weekday"":""tuesday""},{""id"":63,""open_closing_time"":""8:30 am - 4:00 pm"",""weekday"":""wednesday""},{""id"":64,""open_closing_time"":""8:30 am - 4:00 pm"",""weekday"":""thursday""},{""id"":65,""open_closing_time"":""8:30 am - 4:00 pm"",""weekday"":""friday""},{""id"":1165,""open_closing_time"":""Cerrado"",""weekday"":""saturday""},{""id"":1166,""open_closing_time"":""Cerrado"",""weekday"":""sunday""}]",2023-01-04T18:06:36.690Z,2023-02-20T18:09:05.917Z,2023-02-09T14:13:49.840Z
a9edfc2dc489e923,Banco BHD,branch,Sucursal Blue Mall Punta Cana,ESTE,"Esquina Carretera de Juanillo, Blvd. Turístico del Este, Punta Cana 23000",809-243- 0788,,,Dominican Republic,DO,18.556991,-68.383041,"Esquina Carretera de Juanillo, Blvd. Turístico del Este, Punta Cana 23000",,official_api,bhd_official_api,,,bhd_public_locations_api,https://backend.bhd.com.do/api/locations,1613,sucursales,True,,,,"[{""id"":9469,""open_closing_time"":""10:00 a. m. a 6:00 p. m."",""weekday"":""monday""},{""id"":9470,""open_closing_time"":""10:00 a. m. a 6:00 p. m."",""weekday"":""tuesday""},{""id"":9471,""open_closing_time"":""10:00 a. m. a 6:00 p. m."",""weekday"":""wednesday""},{""id"":9472,""open_closing_time"":""10:00 a. m. a 6:00 p. m."",""weekday"":""thursday""},{""id"":9473,""open_closing_time"":""10:00 a. m. a 6:00 p. m."",""weekday"":""friday""},{""id"":9474,""open_closing_time"":""10:00 a. m. a 2:00 p. m."",""weekday"":""saturday""},{""id"":9475,""open_closing_time"":""Cerrado"",""weekday"":""sunday""}]",2026-07-06T14:39:30.612Z,2026-07-06T14:39:33.478Z,2026-07-06T14:39:33.441Z
2b5de6944af5f0d9,Banco BHD,branch,Sucursal La Romana,ESTE,"C/Trinitaria No. 49, Parque Central De La Romana, Rep. Dom.",809-898-3000,,,Dominican Republic,DO,18.42258,-68.96585,"C/Trinitaria No. 49, Parque Central De La Romana, Rep. Dom.",,official_api,bhd_official_api,,,bhd_public_locations_api,https://backend.bhd.com.do/api/locations,20,sucursales,False,Puedes realizar tus transacciones y solicitar tus servicios donde ejecutivos especializados te brindarán una asesoría personalizada de acuerdo a tus necesidades.,,,"[{""id"":66,""open_closing_time"":""8:30 am - 6:00 pm"",""weekday"":""monday""},{""id"":67,""open_closing_time"":""8:30 am - 6:00 pm"",""weekday"":""tuesday""},{""id"":68,""open_closing_time"":""8:30 am - 6:00 pm"",""weekday"":""wednesday""},{""id"":69,""open_closing_time"":""8:30 am - 6:00 pm"",""weekday"":""thursday""},{""id"":71,""open_closing_time"":""8:30 am - 6:00 pm"",""weekday"":""friday""},{""id"":70,""open_closing_time"":""9:00 am a 1:00 pm"",""weekday"":""saturday""},{""id"":1167,""open_closing_time"":""Cerrado"",""weekday"":""sunday""}]",2023-01-04T18:08:57.876Z,2023-02-20T18:09:38.075Z,2023-02-09T14:13:49.840Z
3034813278d2c960,Banco BHD,branch,Sucursal San Pedro de Macorís II,ESTE,"C/ Independencia, # 41, Centro Ciudad",809-830-7011,,,Dominican Republic,DO,18.4540743,-69.3097142,"C/ Independencia, # 41, Centro Ciudad",,official_api,bhd_official_api,,,bhd_public_locations_api,https://backend.bhd.com.do/api/locations,21,sucursales,,Puedes realizar tus transacciones y solicitar tus servicios donde ejecutivos especializados te brindarán una asesoría personalizada de acuerdo a tus necesidades.,,,"[{""id"":72,""open_closing_time"":""8:30 am - 4:00 pm"",""weekday"":""monday""},{""id"":73,""open_closing_time"":""8:30 am - 4:00 pm"",""weekday"":""tuesday""},{""id"":74,""open_closing_time"":""8:30 am - 4:00 pm"",""weekday"":""wednesday""},{""id"":75,""open_closing_time"":""8:30 am - 4:00 pm"",""weekday"":""thursday""},{""id"":76,""open_closing_time"":""8:30 am - 4:00 pm"",""weekday"":""friday""},{""id"":77,""open_closing_time"":""9:00 am a 1:00 pm"",""weekday"":""saturday""},{""id"":1168,""open_closing_time"":""Cerrado"",""weekday"":""sunday""}]",2023-01-04T18:12:38.549Z,2023-02-20T18:10:28.063Z,2023-02-09T13:26:59.068Z
b86a03d82cd5780a,Banco BHD,branch,Agencia Blue Mall,METRO CENTRO,"Ave. Winston Churchill Esq. Ave. Gustavo Mejía Ricart, Dentro De Las Instalaciones Del Blue Mall",809-243-5552,,,Dominican Republic,DO,18.47293,-69.94062,"Ave. Winston Churchill Esq. Ave. Gustavo Mejía Ricart, Dentro De Las Instalaciones Del Blue Mall",,official_api,bhd_official_api,,,bhd_public_locations_api,https://backend.bhd.com.do/api/locations,22,sucursales,True,Puedes realizar tus transacciones y solicitar tus servicios donde ejecutivos especializados te brindarán una asesoría personalizada de acuerdo a tus necesidades.,,,"[{""id"":78,""open_closing_time"":""10:00 am - 7:00 pm"",""weekday"":""monday""},{""id"":79,""open_closing_time"":""10:00 am - 7:00 pm"",""weekday"":""tuesday""},{""id"":80,""open_closing_time"":""10:00 am - 7:00 pm"",""weekday"":""wednesday""},{""id"":81,""open_closing_time"":""10:00 am - 7:00 pm"",""weekday"":""thursday""},{""id"":82,""open_closing_time"":""10:00 am - 7:00 pm"",""weekday"":""friday""},{""id"":83,""open_closing_time"":""10:00 am - 2:00 pm"",""weekday"":""saturday""},{""id"":1169,""open_closing_time"":""Cerrado"",""weekday"":""sunday""}]",2023-01-04T18:15:12.876Z,2023-02-20T18:11:26.434Z,2023-02-09T14:13:49.840Z
6132c36663aed533,Banco BHD,branch,Agencia Duarte,METRO CENTRO,"Ave. Duarte #233 , D.N. Rep. Dom.",809-243-5513,,,Dominican Republic,DO,18.48912,-69.89603,"Ave. Duarte #233 , D.N. Rep. Dom.",,official_api,bhd_official_api,,,bhd_public_locations_api,https://backend.bhd.com.do/api/locations,23,sucursales,False,Puedes realizar tus transacciones y solicitar tus servicios donde ejecutivos especializados te brindarán una asesoría personalizada de acuerdo a tus necesidades.,,,"[{""id"":84,""open_closing_time"":""8:30 am - 4:00 pm"",""weekday"":""monday""},{""id"":85,""open_closing_time"":""8:30 am - 4:00 pm"",""weekday"":""tuesday""},{""id"":86,""open_closing_time"":""8:30 am - 4:00 pm"",""weekday"":""wednesday""},{""id"":87,""open_closing_time"":""8:30 am - 4:00 pm"",""weekday"":""thursday""},{""id"":88,""open_closing_time"":""8:30 am - 4:00 pm"",""weekday"":""friday""},{""id"":89,""open_closing_time"":""9:00 am a 1:00 pm"",""weekday"":""saturday""},{""id"":1170,""open_closing_time"":""Cerrado"",""weekday"":""sunday""}]",2023-01-04T18:18:25.395Z,2023-02-20T18:12:17.761Z,2023-02-09T14:13:49.840Z
371f0e1ca0fe114d,Banco BHD,branch,Agencia El Millón,METRO CENTRO,Av. 27 De Febrero Esq. Núñez De Caceres,809-243-5532,,,Dominican Republic,DO,18.45507,-69.95478,Av. 27 De Febrero Esq. Núñez De Caceres,,official_api,bhd_official_api,,,bhd_public_locations_api,https://backend.bhd.com.do/api/locations,24,sucursales,False,Puedes realizar tus transacciones y solicitar tus servicios donde ejecutivos especializados te brindarán una asesoría personalizada de acuerdo a tus necesidades.,,,"[{""id"":92,""open_closing_time"":""8:30 am - 4:00 pm"",""weekday"":""monday""},{""id"":90,""open_closing_time"":""8:30 am - 4:00 pm"",""weekday"":""tuesday""},{""id"":91,""open_closing_time"":""8:30 am - 4:00 pm"",""weekday"":""wednesday""},{""id"":93,""open_closing_time"":""8:30 am - 4:00 pm"",""weekday"":""thursday""},{""id"":94,""open_closing_time"":""8:30 am - 4:00 pm"",""weekday"":""friday""},{""id"":1171,""open_closing_time"":""Cerrado"",""weekday"":""saturday""},{""id"":1172,""open_closing_time"":""Cerrado"",""weekday"":""sunday""}]",2023-01-04T18:20:11.338Z,2023-02-20T18:13:41.817Z,2023-02-09T14:13:49.840Z
018f7df50733b625,Banco BHD,branch,Agencia Herrera,METRO CENTRO,"Ave. Isabel Aguiar #38, D. N. Rep. Dom.",809-243-5533,,,Dominican Republic,DO,18.45757,-69.97719,"Ave. Isabel Aguiar #38, D. N. Rep. Dom.",,official_api,bhd_official_api,,,bhd_public_locations_api,https://backend.bhd.com.do/api/locations,25,sucursales,False,Puedes realizar tus transacciones y solicitar tus servicios donde ejecutivos especializados te brindarán una asesoría personalizada de acuerdo a tus necesidades.,,Autobanco: lunes a viernes 8:30 a. m. a 5:00 p. m.,"[{""id"":95,""open_closing_time"":""8:30 am - 4:00 pm"",""weekday"":""monday""},{""id"":96,""open_closing_time"":""8:30 am - 4:00 pm"",""weekday"":""tuesday""},{""id"":97,""open_closing_time"":""8:30 am - 4:00 pm"",""weekday"":""wednesday""},{""id"":99,""open_closing_time"":""8:30 am - 4:00 pm"",""weekday"":""thursday""},{""id"":98,""open_closing_time"":""8:30 am - 4:00 pm"",""weekday"":""friday""},{""id"":100,""open_closing_time"":"" 9:00 am a 1:00 pm"",""weekday"":""saturday""},{""id"":1173,""open_closing_time"":""Cerrado"",""weekday"":""sunday""}]",2023-01-04T18:22:32.864Z,2024-12-04T16:39:43.499Z,2023-02-09T14:13:49.840Z
16ae047b420f35bb,Banco BHD,branch,Agencia Las Praderas,METRO CENTRO,"Ave. Núñez De Cáceres Casi Al Frente Del Supermercado Mercajumbo, Las Praderas D.N. Rep. Dom.",809-243-5535,,,Dominican Republic,DO,18.47,-69.9602,"Ave. Núñez De Cáceres Casi Al Frente Del Supermercado Mercajumbo, Las Praderas D.N. Rep. Dom.",,official_api,bhd_official_api,,,bhd_public_locations_api,https://backend.bhd.com.do/api/locations,26,sucursales,False,Puedes realizar tus transacciones y solicitar tus servicios donde ejecutivos especializados te brindarán una asesoría personalizada de acuerdo a tus necesidades.,,Autobanco: De 8:30 a. m. a 6:00 p. m.,"[{""id"":102,""open_closing_time"":""8:30 am - 4:00 pm"",""weekday"":""monday""},{""id"":101,""open_closing_time"":""8:30 am - 4:00 pm"",""weekday"":""tuesday""},{""id"":103,""open_closing_time"":""8:30 am - 4:00 pm"",""weekday"":""wednesday""},{""id"":104,""open_closing_time"":""8:30 am - 4:00 pm"",""weekday"":""thursday""},{""id"":105,""open_closing_time"":""8:30 am - 4:00 pm"",""weekday"":""friday""},{""id"":106,""open_closing_time"":""9:00 am - 1:00 pm"",""weekday"":""saturday""},{""id"":1174,""open_closing_time"":""Cerrado"",""weekday"":""sunday""}]",2023-01-04T18:26:58.239Z,2026-03-09T20:17:43.498Z,2023-01-04T18:29:05.634Z
53e1a591a9bb51ca,Banco BHD,branch,Agencia Luperón II,METRO CENTRO,Ave. Luperón Casi Esq. Gustavo Mejía Ricart Frente A Jumbo Y Sema,809-243-5554,,,Dominican Republic,DO,18.46325,-69.96919,Ave. Luperón Casi Esq. Gustavo Mejía Ricart Frente A Jumbo Y Sema,,official_api,bhd_official_api,,,bhd_public_locations_api,https://backend.bhd.com.do/api/locations,27,sucursales,False,Puedes realizar tus transacciones y solicitar tus servicios donde ejecutivos especializados te brindarán una asesoría personalizada de acuerdo a tus necesidades.,,,"[{""id"":107,""open_closing_time"":""9:00 am - 5:00 pm"",""weekday"":""monday""},{""id"":108,""open_closing_time"":""9:00 am - 5:00 pm"",""weekday"":""tuesday""},{""id"":109,""open_closing_time"":""9:00 am - 5:00 pm"",""weekday"":""wednesday""},{""id"":110,""open_closing_time"":""9:00 am - 5:00 pm"",""weekday"":""thursday""},{""id"":111,""open_closing_time"":""9:00 am - 5:00 pm"",""weekday"":""friday""},{""id"":112,""open_closing_time"":""9:00 am a 1:00 pm"",""weekday"":""saturday""},{""id"":1175,""open_closing_time"":""Cerrado"",""weekday"":""sunday""}]",2023-01-04T18:32:23.899Z,2023-02-20T18:15:57.983Z,2023-01-04T18:32:45.480Z
5d03ed7319f17a01,Banco BHD,branch,Agencia Plaza Central,METRO CENTRO,"Ave. 27 De Febrero, Plaza Central 1Er. Piso , D.N. Rep. Dom.",809-243-5528,,,Dominican Republic,DO,18.46374,-69.93575,"Ave. 27 De Febrero, Plaza Central 1Er. Piso , D.N. Rep. Dom.",,official_api,bhd_official_api,,,bhd_public_locations_api,https://backend.bhd.com.do/api/locations,29,sucursales,True,Puedes realizar tus transacciones y solicitar tus servicios donde ejecutivos especializados te brindarán una asesoría personalizada de acuerdo a tus necesidades.,,,"[{""id"":118,""open_closing_time"":""9:00 a. m. - 6:00 p. m."",""weekday"":""monday""},{""id"":119,""open_closing_time"":""9:00 a. m. - 6:00 p. m."",""weekday"":""tuesday""},{""id"":120,""open_closing_time"":""9:00 a. m. - 6:00 p. m."",""weekday"":""wednesday""},{""id"":121,""open_closing_time"":""9:00 a. m. - 6:00 p. m."",""weekday"":""thursday""},{""id"":122,""open_closing_time"":""9:00 a. m. - 6:00 p. m."",""weekday"":""friday""},{""id"":123,""open_closing_time"":""9:00 a. m. - 1:00 p. m."",""weekday"":""saturday""},{""id"":1178,""open_closing_time"":""Cerrado"",""weekday"":""sunday""}]",2023-01-04T18:40:59.294Z,2025-11-26T14:59:43.801Z,2023-01-04T18:42:24.378Z
568b96c169cc4ee4,Banco BHD,branch,Agencia Plaza Paseo de la Churchill,METRO CENTRO,Ave. Winston Churchill Esq. Ave. Roberto Pastoriza,809-243-5529,,,Dominican Republic,DO,18.46647,-69.93806,Ave. Winston Churchill Esq. Ave. Roberto Pastoriza,,official_api,bhd_official_api,,,bhd_public_locations_api,https://backend.bhd.com.do/api/locations,30,sucursales,True,Puedes realizar tus transacciones y solicitar tus servicios donde ejecutivos especializados te brindarán una asesoría personalizada de acuerdo a tus necesidades.,,,"[{""id"":125,""open_closing_time"":""8:30 am - 4:00 pm"",""weekday"":""monday""},{""id"":124,""open_closing_time"":""8:30 am - 4:00 pm"",""weekday"":""tuesday""},{""id"":126,""open_closing_time"":""8:30 am - 4:00 pm"",""weekday"":""wednesday""},{""id"":127,""open_closing_time"":""8:30 am - 4:00 pm"",""weekday"":""thursday""},{""id"":128,""open_closing_time"":""8:30 am - 4:00 pm"",""weekday"":""friday""},{""id"":1179,""open_closing_time"":""Cerrado"",""weekday"":""saturday""},{""id"":1180,""open_closing_time"":""Cerrado"",""weekday"":""sunday""}]",2023-01-04T18:48:11.501Z,2023-02-20T18:25:39.598Z,2023-02-09T14:13:49.840Z
a7ded65a1038e04a,Banco BHD,branch,Agencia Villa Consuelo,METRO CENTRO,"Eusebio Manzueta #122, Villa Consuelo. D.N. Rep. Dom.",809-243-5522,,,Dominican Republic,DO,18.48667,-69.89756,"Eusebio Manzueta #122, Villa Consuelo. D.N. Rep. Dom.",,official_api,bhd_official_api,,,bhd_public_locations_api,https://backend.bhd.com.do/api/locations,31,sucursales,False,Puedes realizar tus transacciones y solicitar tus servicios donde ejecutivos especializados te brindarán una asesoría personalizada de acuerdo a tus necesidades.,,,"[{""id"":129,""open_closing_time"":""8:30 am - 4:00 pm"",""weekday"":""monday""},{""id"":130,""open_closing_time"":""8:30 am - 4:00 pm"",""weekday"":""tuesday""},{""id"":131,""open_closing_time"":""8:30 am - 4:00 pm"",""weekday"":""wednesday""},{""id"":132,""open_closing_time"":""8:30 am - 4:00 pm"",""weekday"":""thursday""},{""id"":133,""open_closing_time"":""8:30 am - 4:00 pm"",""weekday"":""friday""},{""id"":1181,""open_closing_time"":""Cerrado"",""weekday"":""saturday""},{""id"":1182,""open_closing_time"":""Cerrado"",""weekday"":""sunday""}]",2023-01-04T18:55:52.442Z,2023-02-20T18:26:24.499Z,2023-02-09T14:13:49.840Z
bb0db21363297996,Banco BHD,branch,Oficina Principal,METRO CENTRO,"Luis F. Thomén Esq. Winston Churchill, D. N. Rep. Dom.",809-243-5264/5265,,,Dominican Republic,DO,18.46292,-69.93706,"Luis F. Thomén Esq. Winston Churchill, D. N. Rep. Dom.",,official_api,bhd_official_api,,,bhd_public_locations_api,https://backend.bhd.com.do/api/locations,32,sucursales,False,Puedes realizar tus transacciones y solicitar tus servicios donde ejecutivos especializados te brindarán una asesoría personalizada de acuerdo a tus necesidades.,,,"[{""id"":134,""open_closing_time"":""8:30 am - 4:00 pm"",""weekday"":""monday""},{""id"":135,""open_closing_time"":""8:30 am - 4:00 pm"",""weekday"":""tuesday""},{""id"":136,""open_closing_time"":""8:30 am - 4:00 pm"",""weekday"":""wednesday""},{""id"":137,""open_closing_time"":""8:30 am - 4:00 pm"",""weekday"":""thursday""},{""id"":138,""open_closing_time"":""8:30 am - 4:00 pm"",""weekday"":""friday""},{""id"":1183,""open_closing_time"":""Cerrado"",""weekday"":""saturday""},{""id"":1184,""open_closing_time"":""Cerrado"",""weekday"":""sunday""}]",2023-01-04T19:07:33.619Z,2023-02-20T18:29:04.180Z,2023-01-04T19:07:35.479Z
9251725e288b4d39,Banco BHD,branch,Sucursal Herrera II BL,METRO CENTRO,"Ave. Isabel Aguiar, # 262, Herrera",809-243-5581,,,Dominican Republic,DO,18.4736106,-69.9798285,"Ave. Isabel Aguiar, # 262, Herrera",,official_api,bhd_official_api,,,bhd_public_locations_api,https://backend.bhd.com.do/api/locations,33,sucursales,False,Puedes realizar tus transacciones y solicitar tus servicios donde ejecutivos especializados te brindarán una asesoría personalizada de acuerdo a tus necesidades.,,Autobanco: Lunes a viernes 8:30 a. m a 5:00 p. m.,"[{""id"":140,""open_closing_time"":""8:30 am - 4:00 pm"",""weekday"":""monday""},{""id"":139,""open_closing_time"":""8:30 am - 4:00 pm"",""weekday"":""tuesday""},{""id"":141,""open_closing_time"":""8:30 am - 4:00 pm"",""weekday"":""wednesday""},{""id"":142,""open_closing_time"":""8:30 am - 4:00 pm"",""weekday"":""thursday""},{""id"":143,""open_closing_time"":""8:30 am - 4:00 pm"",""weekday"":""friday""},{""id"":1185,""open_closing_time"":""Cerrado"",""weekday"":""saturday""},{""id"":1186,""open_closing_time"":""Cerrado"",""weekday"":""sunday""}]",2023-01-04T19:09:45.853Z,2024-11-28T20:13:05.940Z,2023-01-04T19:09:47.125Z
f35cc7dbbc7c8a2c,Banco BHD,branch,Sucursal Multicentro Churchill BL,METRO CENTRO,Av. Winston Churchill(Multicentro),809-243-5590,,,Dominican Republic,DO,18.2841,-69.56593,Av. Winston Churchill(Multicentro),,official_api,bhd_official_api,,,bhd_public_locations_api,https://backend.bhd.com.do/api/locations,34,sucursales,False,Puedes realizar tus transacciones y solicitar tus servicios donde ejecutivos especializados te brindarán una asesoría personalizada de acuerdo a tus necesidades.,,,"[{""id"":144,""open_closing_time"":""9:00 am - 7:00 pm"",""weekday"":""monday""},{""id"":145,""open_closing_time"":""9:00 am - 7:00 pm"",""weekday"":""tuesday""},{""id"":146,""open_closing_time"":""9:00 am - 7:00 pm"",""weekday"":""wednesday""},{""id"":147,""open_closing_time"":""9:00 am - 7:00 pm"",""weekday"":""thursday""},{""id"":148,""open_closing_time"":""9:00 am - 7:00 pm"",""weekday"":""friday""},{""id"":149,""open_closing_time"":""9:00 am a 2:00 pm"",""weekday"":""saturday""},{""id"":1187,""open_closing_time"":""Cerrado"",""weekday"":""sunday""}]",2023-01-04T19:13:51.218Z,2023-02-20T18:30:44.262Z,2023-01-04T19:13:52.925Z
8c93e2e56616b8d3,Banco BHD,branch,Agencia Bravo Los Frailes,METRO ESTE,"C/Marginal Los Palmeros , Km 10 1/2 Los Frailes en la Av. Las Americas",809-243-5505,,,Dominican Republic,DO,18.4657059,-69.8141321,"C/Marginal Los Palmeros , Km 10 1/2 Los Frailes en la Av. Las Americas",,official_api,bhd_official_api,,,bhd_public_locations_api,https://backend.bhd.com.do/api/locations,35,sucursales,False,Puedes realizar tus transacciones y solicitar tus servicios donde ejecutivos especializados te brindarán una asesoría personalizada de acuerdo a tus necesidades.,,Horario de Autobanco de lunes a viernes de 9:00 a. m. a 7:00 p. m. y sábado de 9:00 a. m. hasta las 2:00 p. m.,"[{""id"":150,""open_closing_time"":""9:00 a. m. - 6:00 p. m."",""weekday"":""monday""},{""id"":151,""open_closing_time"":""9:00 a. m. - 6:00 p. m."",""weekday"":""tuesday""},{""id"":152,""open_closing_time"":""9:00 a. m. - 6:00 p. m."",""weekday"":""wednesday""},{""id"":153,""open_closing_time"":""9:00 a. m. - 6:00 p. m."",""weekday"":""thursday""},{""id"":154,""open_closing_time"":""9:00 a. m. - 6:00 p. m."",""weekday"":""friday""},{""id"":155,""open_closing_time"":""9:00 a. m. - 1:00 p. m."",""weekday"":""saturday""},{""id"":1188,""open_closing_time"":""Cerrado"",""weekday"":""sunday""}]",2023-01-04T19:17:48.788Z,2025-11-24T21:26:15.081Z,2023-01-04T19:17:51.315Z
07ece77c8613d38e,Banco BHD,branch,Agencia Carretera Mella,METRO ESTE,"Carretera Mella Esq. Los Trovadores, D.N. Rep. Dom.",809-243-5500,,,Dominican Republic,DO,18.50585,-69.85543,"Carretera Mella Esq. Los Trovadores, D.N. Rep. Dom.",,official_api,bhd_official_api,,,bhd_public_locations_api,https://backend.bhd.com.do/api/locations,36,sucursales,False,Puedes realizar tus transacciones y solicitar tus servicios donde ejecutivos especializados te brindarán una asesoría personalizada de acuerdo a tus necesidades.,,Horario de Autobanco de lunes a viernes de 8:30 a. m. a 5:00 p. m.,"[{""id"":157,""open_closing_time"":""8:30 am - 4:00 pm"",""weekday"":""monday""},{""id"":156,""open_closing_time"":""8:30 am - 4:00 pm"",""weekday"":""tuesday""},{""id"":158,""open_closing_time"":""8:30 am - 4:00 pm"",""weekday"":""wednesday""},{""id"":159,""open_closing_time"":""8:30 am - 4:00 pm"",""weekday"":""thursday""},{""id"":160,""open_closing_time"":""8:30 am - 4:00 pm"",""weekday"":""friday""},{""id"":1189,""open_closing_time"":""Cerrado"",""weekday"":""saturday""},{""id"":1190,""open_closing_time"":""Cerrado"",""weekday"":""sunday""}]",2023-01-04T19:20:00.476Z,2025-02-24T17:00:16.096Z,2023-01-04T19:20:02.443Z
a38be6a7938453e3,Banco BHD,branch,Agencia Megacentro,METRO ESTE,Av. San Vicente De Paúl En Las Instalaciones Del Mall Megacentro Local #25 Santo Domingo Oriental,809-243-5504,,,Dominican Republic,DO,18.50586,-69.85631,Av. San Vicente De Paúl En Las Instalaciones Del Mall Megacentro Local #25 Santo Domingo Oriental,,official_api,bhd_official_api,,,bhd_public_locations_api,https://backend.bhd.com.do/api/locations,37,sucursales,False,Puedes realizar tus transacciones y solicitar tus servicios donde ejecutivos especializados te brindarán una asesoría personalizada de acuerdo a tus necesidades.,,,"[{""id"":161,""open_closing_time"":""9:00 am - 7:00 pm"",""weekday"":""monday""},{""id"":162,""open_closing_time"":""9:00 am - 7:00 pm"",""weekday"":""tuesday""},{""id"":163,""open_closing_time"":""9:00 am - 7:00 pm"",""weekday"":""wednesday""},{""id"":164,""open_closing_time"":""9:00 am - 7:00 pm"",""weekday"":""thursday""},{""id"":165,""open_closing_time"":""9:00 am - 7:00 pm"",""weekday"":""friday""},{""id"":8934,""open_closing_time"":""9:00 am a 2:00 pm"",""weekday"":""saturday""}]",2023-01-04T19:24:45.301Z,2024-12-27T12:46:14.990Z,2023-01-04T19:24:47.630Z
18edd26946241139,Banco BHD,branch,Agencia Ozama,METRO ESTE,"Av. Sabana Larga Esq. Costa Rica, Santo Domingo Oriental, R. D.",809-243-5507,,,Dominican Republic,DO,18.4920002,-69.86571,"Av. Sabana Larga Esq. Costa Rica, Santo Domingo Oriental, R. D.",,official_api,bhd_official_api,,,bhd_public_locations_api,https://backend.bhd.com.do/api/locations,38,sucursales,False,Puedes realizar tus transacciones y solicitar tus servicios donde ejecutivos especializados te brindarán una asesoría personalizada de acuerdo a tus necesidades.,,,"[{""id"":166,""open_closing_time"":""8:30 a. m. - 5:00 p. m."",""weekday"":""monday""},{""id"":167,""open_closing_time"":""8:30 a. m. - 5:00 p. m."",""weekday"":""tuesday""},{""id"":168,""open_closing_time"":""8:30 a. m. - 5:00 p. m."",""weekday"":""wednesday""},{""id"":169,""open_closing_time"":""8:30 a. m. - 5:00 p. m."",""weekday"":""thursday""},{""id"":170,""open_closing_time"":""8:30 a. m. - 5:00 p. m."",""weekday"":""friday""},{""id"":171,""open_closing_time"":""9:00 am a 1:00 pm"",""weekday"":""saturday""},{""id"":1191,""open_closing_time"":""Cerrado"",""weekday"":""sunday""}]",2023-01-04T19:28:05.380Z,2025-11-24T20:45:37.847Z,2023-01-04T19:28:07.216Z
f0692bee99038f45,Banco BHD,branch,Agencia San Isidro,METRO ESTE,"Autopista San Isidro frente a Plaza Coral Mall, detrás de la estación de gasolina Next, sector La Esperanza",809-243-5508,,,Dominican Republic,DO,18.4883,-69.83151,"Autopista San Isidro frente a Plaza Coral Mall, detrás de la estación de gasolina Next, sector La Esperanza",,official_api,bhd_official_api,,,bhd_public_locations_api,https://backend.bhd.com.do/api/locations,39,sucursales,False,Puedes realizar tus transacciones y solicitar tus servicios donde ejecutivos especializados te brindarán una asesoría personalizada de acuerdo a tus necesidades.,,Horario de Autobanco de lunes a viernes de 8:30 a. m. a 5:00 p. m. y sábados de 9:00 a. m. a 1:00 p. m.,"[{""id"":172,""open_closing_time"":""8:30 am - 4:00 pm"",""weekday"":""monday""},{""id"":173,""open_closing_time"":""8:30 am - 4:00 pm"",""weekday"":""tuesday""},{""id"":174,""open_closing_time"":""8:30 am - 4:00 pm"",""weekday"":""wednesday""},{""id"":176,""open_closing_time"":""8:30 am - 4:00 pm"",""weekday"":""thursday""},{""id"":175,""open_closing_time"":""8:30 am - 4:00 pm"",""weekday"":""friday""},{""id"":177,""open_closing_time"":""9:00 am a 1:00 pm"",""weekday"":""saturday""},{""id"":1192,""open_closing_time"":""Cerrado"",""weekday"":""sunday""}]",2023-01-04T19:30:29.717Z,2025-03-03T21:15:35.106Z,2023-01-04T19:30:31.379Z
fe74dd44c6930dbb,Banco BHD,branch,Agencia Sirena San Isidro,METRO ESTE,"Autopista San Isidro, Urbanización Italia( Dentro Del Multicentro La Sirena ), Santo Domingo Oriental, R. D",809-243-5509,,,Dominican Republic,DO,18.48523,-69.84043,"Autopista San Isidro, Urbanización Italia( Dentro Del Multicentro La Sirena ), Santo Domingo Oriental, R. D",,official_api,bhd_official_api,,,bhd_public_locations_api,https://backend.bhd.com.do/api/locations,40,sucursales,False,Puedes realizar tus transacciones y solicitar tus servicios donde ejecutivos especializados te brindarán una asesoría personalizada de acuerdo a tus necesidades.,,,"[{""id"":178,""open_closing_time"":""9:00 am - 7:00 pm"",""weekday"":""monday""},{""id"":179,""open_closing_time"":""9:00 am - 7:00 pm"",""weekday"":""tuesday""},{""id"":181,""open_closing_time"":""9:00 am - 7:00 pm"",""weekday"":""wednesday""},{""id"":180,""open_closing_time"":""9:00 am - 7:00 pm"",""weekday"":""thursday""},{""id"":182,""open_closing_time"":""9:00 am - 7:00 pm"",""weekday"":""friday""},{""id"":183,""open_closing_time"":""9:00 am a 2:00 pm"",""weekday"":""saturday""},{""id"":1193,""open_closing_time"":""Cerrado"",""weekday"":""sunday""}]",2023-01-04T19:33:26.805Z,2025-05-16T19:48:49.461Z,2023-01-04T19:33:28.302Z
8911e0647fb63816,Banco BHD,branch,Agencia Sirena Villa Mella,METRO ESTE,"Ave. Máximo Gómez Esquina Charles De Gaulle, Plaza El Dorado, Santo Domingo Norte, R. D",809-243-5510,,,Dominican Republic,DO,18.54529,-69.89922,"Ave. Máximo Gómez Esquina Charles De Gaulle, Plaza El Dorado, Santo Domingo Norte, R. D",,official_api,bhd_official_api,,,bhd_public_locations_api,https://backend.bhd.com.do/api/locations,41,sucursales,True,Puedes realizar tus transacciones y solicitar tus servicios donde ejecutivos especializados te brindarán una asesoría personalizada de acuerdo a tus necesidades.,,,"[{""id"":186,""open_closing_time"":""9:00 am - 7:00 pm"",""weekday"":""monday""},{""id"":184,""open_closing_time"":""9:00 am - 7:00 pm"",""weekday"":""tuesday""},{""id"":185,""open_closing_time"":""9:00 am - 7:00 pm"",""weekday"":""wednesday""},{""id"":187,""open_closing_time"":""9:00 am - 7:00 pm"",""weekday"":""thursday""},{""id"":188,""open_closing_time"":""9:00 am - 7:00 pm"",""weekday"":""friday""},{""id"":189,""open_closing_time"":""9:00 am - 2:00 pm"",""weekday"":""saturday""},{""id"":1194,""open_closing_time"":""Cerrado"",""weekday"":""sunday""}]",2023-01-04T19:53:17.258Z,2025-04-04T14:49:45.942Z,2023-01-04T19:53:18.541Z
88d7276d5eb3a2c2,Banco BHD,branch,Sucursal Brisal BL,METRO ESTE,"Carr. Mella Km 7 1/2, Plaza Fantasia",809-243-5575,,,Dominican Republic,DO,18.5110303,-69.8483561,"Carr. Mella Km 7 1/2, Plaza Fantasia",,official_api,bhd_official_api,,,bhd_public_locations_api,https://backend.bhd.com.do/api/locations,42,sucursales,False,Puedes realizar tus transacciones y solicitar tus servicios donde ejecutivos especializados te brindarán una asesoría personalizada de acuerdo a tus necesidades.,,,"[{""id"":193,""open_closing_time"":""8:30 am - 4:00 pm"",""weekday"":""monday""},{""id"":190,""open_closing_time"":""8:30 am - 4:00 pm"",""weekday"":""tuesday""},{""id"":191,""open_closing_time"":""8:30 am - 4:00 pm"",""weekday"":""wednesday""},{""id"":192,""open_closing_time"":""8:30 am - 4:00 pm"",""weekday"":""thursday""},{""id"":194,""open_closing_time"":""8:30 am - 4:00 pm"",""weekday"":""friday""},{""id"":195,""open_closing_time"":""9:00 am - 1:00 pm"",""weekday"":""saturday""},{""id"":1195,""open_closing_time"":""Cerrado"",""weekday"":""sunday""}]",2023-01-04T19:55:45.298Z,2026-08-20T14:41:48.003Z,2023-01-04T19:55:48.193Z
e4e76fc10eebb0ac,Banco BHD,branch,Sucursal Charles De Gaulle II,METRO ESTE,Ave. Charles De Gaulle Casi Esq. Carretera Mella,809-243-5501,,,Dominican Republic,DO,18.5152278,-69.8331271,Ave. Charles De Gaulle Casi Esq. Carretera Mella,,official_api,bhd_official_api,,,bhd_public_locations_api,https://backend.bhd.com.do/api/locations,43,sucursales,False,Puedes realizar tus transacciones y solicitar tus servicios donde ejecutivos especializados te brindarán una asesoría personalizada de acuerdo a tus necesidades.,,,"[{""id"":196,""open_closing_time"":""8:30 am - 4:00 pm"",""weekday"":""monday""},{""id"":197,""open_closing_time"":""8:30 am - 4:00 pm"",""weekday"":""tuesday""},{""id"":198,""open_closing_time"":""8:30 am - 4:00 pm"",""weekday"":""wednesday""},{""id"":199,""open_closing_time"":""8:30 am - 4:00 pm"",""weekday"":""thursday""},{""id"":200,""open_closing_time"":""8:30 am - 4:00 pm"",""weekday"":""friday""},{""id"":201,""open_closing_time"":""9:00 am a 1:00 pm"",""weekday"":""saturday""},{""id"":1196,""open_closing_time"":""Cerrado"",""weekday"":""sunday""}]",2023-01-04T19:58:26.944Z,2023-02-20T18:42:29.719Z,2023-01-04T19:58:28.588Z
747dfee2a7a93894,Banco BHD,branch,Sucursal Los Minas,METRO ESTE,"Presidente Estrella Ureña #179,Santo Domingo Oriental, Rep. Dom.",809-243-5503,,,Dominican Republic,DO,18.50634,-69.86601,"Presidente Estrella Ureña #179,Santo Domingo Oriental, Rep. Dom.",,official_api,bhd_official_api,,,bhd_public_locations_api,https://backend.bhd.com.do/api/locations,44,sucursales,False,Puedes realizar tus transacciones y solicitar tus servicios donde ejecutivos especializados te brindarán una asesoría personalizada de acuerdo a tus necesidades.,,,"[{""id"":202,""open_closing_time"":""8:30 am - 4:00 pm"",""weekday"":""monday""},{""id"":203,""open_closing_time"":""8:30 am - 4:00 pm"",""weekday"":""tuesday""},{""id"":205,""open_closing_time"":""8:30 am - 4:00 pm"",""weekday"":""wednesday""},{""id"":204,""open_closing_time"":""8:30 am - 4:00 pm"",""weekday"":""thursday""},{""id"":206,""open_closing_time"":""8:30 am - 4:00 pm"",""weekday"":""friday""},{""id"":1197,""open_closing_time"":""Cerrado"",""weekday"":""saturday""},{""id"":1198,""open_closing_time"":""Cerrado"",""weekday"":""sunday""}]",2023-01-04T20:00:33.072Z,2023-02-20T18:43:18.365Z,2023-01-04T20:00:36.037Z
c6dd03f4fdd20e7a,Banco BHD,branch,Sucursal Multicentro Charles De Gaulle BL,METRO ESTE,Charles De Gaulle,809-243-5589,,,Dominican Republic,DO,18.5273562,-69.8382367,Charles De Gaulle,,official_api,bhd_official_api,,,bhd_public_locations_api,https://backend.bhd.com.do/api/locations,45,sucursales,True,Puedes realizar tus transacciones y solicitar tus servicios donde ejecutivos especializados te brindarán una asesoría personalizada de acuerdo a tus necesidades.,,,"[{""id"":207,""open_closing_time"":""9:00 am - 7:00 pm"",""weekday"":""monday""},{""id"":208,""open_closing_time"":""9:00 am - 7:00 pm"",""weekday"":""tuesday""},{""id"":209,""open_closing_time"":""9:00 am - 7:00 pm"",""weekday"":""wednesday""},{""id"":210,""open_closing_time"":""9:00 am - 7:00 pm"",""weekday"":""thursday""},{""id"":211,""open_closing_time"":""9:00 am - 7:00 pm"",""weekday"":""friday""},{""id"":212,""open_closing_time"":""9:00 am a 2:00 pm"",""weekday"":""saturday""},{""id"":1199,""open_closing_time"":""Cerrado"",""weekday"":""sunday""}]",2023-01-04T20:15:48.732Z,2024-06-27T19:06:24.487Z,2023-01-04T20:15:53.763Z
41665331b8f352ba,Banco BHD,branch,Sucursal Villa Mella II BL,METRO ESTE,"Ave. Hermanas Mirabal, # 418, Plaza Buena Vista",809-243-5511,,,Dominican Republic,DO,18.529999,-69.907744,"Ave. Hermanas Mirabal, # 418, Plaza Buena Vista",,official_api,bhd_official_api,,,bhd_public_locations_api,https://backend.bhd.com.do/api/locations,46,sucursales,False,Puedes realizar tus transacciones y solicitar tus servicios donde ejecutivos especializados te brindarán una asesoría personalizada de acuerdo a tus necesidades.,,"Horario extendido en autobanco hasta la 5:00 p.m. y sábados: De 9:00 a.m. a 1:00 p.m. para toda el área de caja, incluyendo autobanco.","[{""id"":213,""open_closing_time"":""8:30 am - 4:00 pm"",""weekday"":""monday""},{""id"":214,""open_closing_time"":""8:30 am - 4:00 pm"",""weekday"":""tuesday""},{""id"":216,""open_closing_time"":""8:30 am - 4:00 pm"",""weekday"":""wednesday""},{""id"":215,""open_closing_time"":""8:30 am - 4:00 pm"",""weekday"":""thursday""},{""id"":217,""open_closing_time"":""8:30 am - 4:00 pm"",""weekday"":""friday""},{""id"":218,""open_closing_time"":""9:00 am a 1:00 pm"",""weekday"":""saturday""},{""id"":1200,""open_closing_time"":""Cerrado"",""weekday"":""sunday""}]",2023-01-04T20:18:16.910Z,2025-02-14T12:00:58.712Z,2023-01-04T20:18:18.022Z
a0f7aebfc69a3f8a,Banco BHD,branch,Sucursal Zona Franca San Isidro,METRO ESTE,"Carr. San Isidro, Parque Industrial Zona Franca San Isidro",809-243-5588,,,Dominican Republic,DO,18.4980948,-69.7909681,"Carr. San Isidro, Parque Industrial Zona Franca San Isidro",,official_api,bhd_official_api,,,bhd_public_locations_api,https://backend.bhd.com.do/api/locations,47,sucursales,False,Puedes realizar tus transacciones y solicitar tus servicios donde ejecutivos especializados te brindarán una asesoría personalizada de acuerdo a tus necesidades.,,,"[{""id"":219,""open_closing_time"":""8:30 am - 4:00 pm"",""weekday"":""monday""},{""id"":220,""open_closing_time"":""8:30 am - 4:00 pm"",""weekday"":""tuesday""},{""id"":221,""open_closing_time"":""8:30 am - 4:00 pm"",""weekday"":""wednesday""},{""id"":222,""open_closing_time"":""8:30 am - 4:00 pm"",""weekday"":""thursday""},{""id"":223,""open_closing_time"":""8:30 am - 4:00 pm"",""weekday"":""friday""},{""id"":1201,""open_closing_time"":""Cerrado"",""weekday"":""saturday""},{""id"":1202,""open_closing_time"":""Cerrado"",""weekday"":""sunday""}]",2023-01-04T20:29:32.401Z,2025-02-24T17:15:55.182Z,2023-01-04T20:29:33.678Z
06d992a8a3432399,Banco BHD,branch,Agencia Ágora Mall,METRO NORTE,"Ave. Abraham Lincoln, Dentro De Las Instalaciones Del Centro Comercial Agora Mall",809-243-5574,,,Dominican Republic,DO,18.92805,-70.41561,"Ave. Abraham Lincoln, Dentro De Las Instalaciones Del Centro Comercial Agora Mall",,official_api,bhd_official_api,,,bhd_public_locations_api,https://backend.bhd.com.do/api/locations,48,sucursales,True,Puedes realizar tus transacciones y solicitar tus servicios donde ejecutivos especializados te brindarán una asesoría personalizada de acuerdo a tus necesidades.,,Días Feriados 10:00 am - 2:00 pm,"[{""id"":224,""open_closing_time"":""8:00 am - 9:00 pm"",""weekday"":""monday""},{""id"":225,""open_closing_time"":""8:00 am - 9:00 pm"",""weekday"":""tuesday""},{""id"":226,""open_closing_time"":""8:00 am - 9:00 pm"",""weekday"":""wednesday""},{""id"":227,""open_closing_time"":""8:00 am - 9:00 pm"",""weekday"":""thursday""},{""id"":228,""open_closing_time"":""8:00 am - 9:00 pm"",""weekday"":""friday""},{""id"":229,""open_closing_time"":""9:00 am a 4:00 pm"",""weekday"":""saturday""},{""id"":230,""open_closing_time"":""10:00 am - 2:00 pm"",""weekday"":""sunday""}]",2023-01-04T20:32:18.514Z,2023-02-20T19:55:11.305Z,2023-01-04T20:32:20.183Z
cc687a6b1cc7414c,Banco BHD,branch,Agencia Arroyo Hondo,METRO NORTE,"Luis Amiama Tío Esq. Calle La Ladera, Arroyo Hondo",809-243-5524,,,Dominican Republic,DO,18.49631,-69.9397,"Luis Amiama Tío Esq. Calle La Ladera, Arroyo Hondo",,official_api,bhd_official_api,,,bhd_public_locations_api,https://backend.bhd.com.do/api/locations,52,sucursales,False,"En esta sucursal podrás realizar transacciones, consultas, solicitudes de productos y visitar el área de Servicios.",,Horario de Autobanco: de lunes a viernes 8:30 a. m. a 5:00 p. m.,"[{""id"":249,""open_closing_time"":""8:30 am - 4:00 pm"",""weekday"":""monday""},{""id"":250,""open_closing_time"":""8:30 am - 4:00 pm"",""weekday"":""tuesday""},{""id"":251,""open_closing_time"":""8:30 am - 4:00 pm"",""weekday"":""wednesday""},{""id"":252,""open_closing_time"":""8:30 am - 4:00 pm"",""weekday"":""thursday""},{""id"":254,""open_closing_time"":""8:30 am - 4:00 pm"",""weekday"":""friday""},{""id"":253,""open_closing_time"":""9:00 am a 1:00 pm"",""weekday"":""saturday""},{""id"":688,""open_closing_time"":""Cerrado"",""weekday"":""sunday""}]",2023-01-04T20:43:45.930Z,2025-06-23T20:46:34.041Z,2023-01-04T20:43:47.523Z
7c8f03347364d5e8,Banco BHD,branch,Agencia Carrefour,METRO NORTE,"Plaza Duarte Carrefour, Autop. Duarte Km 9½, Sto. Dgo.,D.N",809-243-5536,,,Dominican Republic,DO,18.4740775,-69.9647846,"Plaza Duarte Carrefour, Autop. Duarte Km 9½, Sto. Dgo.,D.N",,official_api,bhd_official_api,,,bhd_public_locations_api,https://backend.bhd.com.do/api/locations,50,sucursales,False,Puedes realizar tus transacciones y solicitar tus servicios donde ejecutivos especializados te brindarán una asesoría personalizada de acuerdo a tus necesidades.,,,"[{""id"":239,""open_closing_time"":""9:00 am - 7:00 pm"",""weekday"":""monday""},{""id"":238,""open_closing_time"":""9:00 am - 7:00 pm"",""weekday"":""tuesday""},{""id"":240,""open_closing_time"":""9:00 am - 7:00 pm"",""weekday"":""wednesday""},{""id"":241,""open_closing_time"":""9:00 am - 7:00 pm"",""weekday"":""thursday""},{""id"":242,""open_closing_time"":""9:00 am - 7:00 pm"",""weekday"":""friday""},{""id"":1203,""open_closing_time"":""9:00 am a 2:00 pm"",""weekday"":""saturday""}]",2023-01-04T20:37:30.960Z,2024-07-09T18:23:47.906Z,2023-01-04T20:37:32.123Z
1f4b572eafbe6f0f,Banco BHD,branch,Agencia Galería 360,METRO NORTE,"Ave. John F. Kennedy Km. 5 1/2(En Galería 360), D.N. Rep. Dom.",809-243-5523,,,Dominican Republic,DO,18.48442,-69.93628,"Ave. John F. Kennedy Km. 5 1/2(En Galería 360), D.N. Rep. Dom.",,official_api,bhd_official_api,,,bhd_public_locations_api,https://backend.bhd.com.do/api/locations,51,sucursales,True,Puedes realizar tus transacciones y solicitar tus servicios donde ejecutivos especializados te brindarán una asesoría personalizada de acuerdo a tus necesidades.,,,"[{""id"":244,""open_closing_time"":""9:00 am - 8:00 pm"",""weekday"":""monday""},{""id"":243,""open_closing_time"":""9:00 am - 8:00 pm"",""weekday"":""tuesday""},{""id"":245,""open_closing_time"":""9:00 am - 8:00 pm"",""weekday"":""wednesday""},{""id"":246,""open_closing_time"":""9:00 am - 8:00 pm"",""weekday"":""thursday""},{""id"":247,""open_closing_time"":""9:00 am - 8:00 pm"",""weekday"":""friday""},{""id"":248,""open_closing_time"":""10:00 am a 6:00 pm"",""weekday"":""saturday""},{""id"":1204,""open_closing_time"":""Cerrado"",""weekday"":""sunday""}]",2023-01-04T20:40:55.475Z,2026-08-05T21:33:26.112Z,2023-01-04T20:40:57.569Z
3b765097a46e95a0,Banco BHD,branch,Agencia Occidental Mall,METRO NORTE,"Centro Comercial Occidental Mall, Local no. 106, 1er nivel, Prolongación 27 de Febrero, casi esquina Los Beisbolistas, Manoguayabo, Santo Domingo Oeste.",809-243-5551,,,Dominican Republic,DO,18.48542,-70.000082,"Centro Comercial Occidental Mall, Local no. 106, 1er nivel, Prolongación 27 de Febrero, casi esquina Los Beisbolistas, Manoguayabo, Santo Domingo Oeste.",,official_api,bhd_official_api,,,bhd_public_locations_api,https://backend.bhd.com.do/api/locations,55,sucursales,True,Puedes realizar tus transacciones y solicitar tus servicios donde ejecutivos especializados te brindarán una asesoría personalizada de acuerdo a tus necesidades.,,,"[{""id"":267,""open_closing_time"":""9:00 am - 7:00 pm"",""weekday"":""monday""},{""id"":268,""open_closing_time"":""9:00 am - 7:00 pm"",""weekday"":""tuesday""},{""id"":269,""open_closing_time"":""9:00 am - 7:00 pm"",""weekday"":""wednesday""},{""id"":270,""open_closing_time"":""9:00 am - 7:00 pm"",""weekday"":""thursday""},{""id"":271,""open_closing_time"":""9:00 am - 7:00 pm"",""weekday"":""friday""},{""id"":272,""open_closing_time"":""9:00 am a 2:00 pm"",""weekday"":""saturday""},{""id"":1207,""open_closing_time"":""Cerrado"",""weekday"":""sunday""}]",2023-01-04T21:02:07.433Z,2023-02-21T20:40:05.543Z,2023-01-04T21:02:08.683Z
659e40c8858a589e,Banco BHD,branch,Agencia Olé Ovando,METRO NORTE,"Ave. Nicolás De Ovando No. 154, Esq. Juan Alejandro Ibarra, Dentro De Las Instalaciones Del Hipermercado Olé",809-243-5520,,,Dominican Republic,DO,18.49946,-69.919,"Ave. Nicolás De Ovando No. 154, Esq. Juan Alejandro Ibarra, Dentro De Las Instalaciones Del Hipermercado Olé",,official_api,bhd_official_api,,,bhd_public_locations_api,https://backend.bhd.com.do/api/locations,56,sucursales,True,Puedes realizar tus transacciones y solicitar tus servicios donde ejecutivos especializados te brindarán una asesoría personalizada de acuerdo a tus necesidades.,,Lunes a Viernes 9:00 a. m. - 7:00 p. m. Sábados de 9:00 a. m. a 2:00 p. m.,"[{""id"":273,""open_closing_time"":""9:00 am - 7:00 pm"",""weekday"":""monday""},{""id"":274,""open_closing_time"":""9:00 am - 7:00 pm"",""weekday"":""tuesday""},{""id"":275,""open_closing_time"":""9:00 am - 7:00 pm"",""weekday"":""wednesday""},{""id"":276,""open_closing_time"":""9:00 am - 7:00 pm"",""weekday"":""thursday""},{""id"":277,""open_closing_time"":""9:00 am - 7:00 pm"",""weekday"":""friday""},{""id"":278,""open_closing_time"":""9:00 am a 2:00 pm"",""weekday"":""saturday""},{""id"":1208,""open_closing_time"":""Cerrado"",""weekday"":""sunday""}]",2023-01-04T21:05:02.077Z,2026-02-25T13:22:54.265Z,2023-02-09T14:13:49.840Z
55171c640d41624d,Banco BHD,branch,Agencia Ovando - Duarte,METRO NORTE,"Ave. Duarte Esq. Nicolás De Ovando,D.N. Rep. Dom.",809-243-5514,,,Dominican Republic,DO,18.50064,-69.9048,"Ave. Duarte Esq. Nicolás De Ovando,D.N. Rep. Dom.",,official_api,bhd_official_api,,,bhd_public_locations_api,https://backend.bhd.com.do/api/locations,57,sucursales,False,Puedes realizar tus transacciones y solicitar tus servicios donde ejecutivos especializados te brindarán una asesoría personalizada de acuerdo a tus necesidades.,,,"[{""id"":280,""open_closing_time"":""8:30 am - 4:00 pm"",""weekday"":""monday""},{""id"":279,""open_closing_time"":""8:30 am - 4:00 pm"",""weekday"":""tuesday""},{""id"":281,""open_closing_time"":""8:30 am - 4:00 pm"",""weekday"":""wednesday""},{""id"":282,""open_closing_time"":""8:30 am - 4:00 pm"",""weekday"":""thursday""},{""id"":284,""open_closing_time"":""8:30 am - 4:00 pm"",""weekday"":""friday""},{""id"":283,""open_closing_time"":""9:00 am a 1:00 pm"",""weekday"":""saturday""},{""id"":1209,""open_closing_time"":""Cerrado"",""weekday"":""sunday""}]",2023-01-04T21:44:45.739Z,2023-02-21T20:42:04.347Z,2023-01-04T21:44:47.245Z
1421a975645e53a6,Banco BHD,branch,Agencia Patio Colombia,METRO NORTE,"Av. República de Colombia, Plaza Patio Colombia, Local 1-A (primer nivel)",809-243-5583,,,Dominican Republic,DO,18.5069444,-69.9843889,"Av. República de Colombia, Plaza Patio Colombia, Local 1-A (primer nivel)",,official_api,bhd_official_api,,,bhd_public_locations_api,https://backend.bhd.com.do/api/locations,58,sucursales,False,Puedes realizar tus transacciones y solicitar tus servicios donde ejecutivos especializados te brindarán una asesoría personalizada de acuerdo a tus necesidades.,,,"[{""id"":285,""open_closing_time"":""9:00 am - 5:00 pm"",""weekday"":""monday""},{""id"":286,""open_closing_time"":""9:00 am - 5:00 pm"",""weekday"":""tuesday""},{""id"":287,""open_closing_time"":""9:00 am - 5:00 pm"",""weekday"":""wednesday""},{""id"":288,""open_closing_time"":""9:00 am - 5:00 pm"",""weekday"":""thursday""},{""id"":289,""open_closing_time"":""9:00 am - 5:00 pm"",""weekday"":""friday""},{""id"":290,""open_closing_time"":""9:00 am - 1:00 pm"",""weekday"":""saturday""},{""id"":1210,""open_closing_time"":""Cerrado"",""weekday"":""sunday""}]",2023-01-04T21:47:50.101Z,2026-06-29T18:13:36.213Z,2023-01-04T21:47:52.183Z
55fccd611cab3d29,Banco BHD,branch,Agencia Sambil,METRO NORTE,Ave. John F. Kennedy Esq. Ave. Máximo Gomez(Dentro De Las Instalaciones Del Centro Comercial Sambil),809-243-5517,,,Dominican Republic,DO,18.483,-69.91191,Ave. John F. Kennedy Esq. Ave. Máximo Gomez(Dentro De Las Instalaciones Del Centro Comercial Sambil),,official_api,bhd_official_api,,,bhd_public_locations_api,https://backend.bhd.com.do/api/locations,59,sucursales,True,Puedes realizar tus transacciones y solicitar tus servicios donde ejecutivos especializados te brindarán una asesoría personalizada de acuerdo a tus necesidades.,,Horario área de servicios y negocios: 10:00am a 7:00pm de lunes a viernes y los sábados de 10:00 a.m. a 02:00 p.m.,"[{""id"":291,""open_closing_time"":""10:00 am - 8:00 pm"",""weekday"":""monday""},{""id"":292,""open_closing_time"":""10:00 am - 8:00 pm"",""weekday"":""tuesday""},{""id"":293,""open_closing_time"":""10:00 am - 8:00 pm"",""weekday"":""wednesday""},{""id"":294,""open_closing_time"":""10:00 am - 8:00 pm"",""weekday"":""thursday""},{""id"":295,""open_closing_time"":""10:00 am - 8:00 pm"",""weekday"":""friday""},{""id"":296,""open_closing_time"":""10:00 am a 6:00 pm"",""weekday"":""saturday""},{""id"":1211,""open_closing_time"":""Cerrado"",""weekday"":""sunday""}]",2023-01-04T21:53:29.864Z,2026-08-05T19:41:01.146Z,2023-02-09T14:13:49.840Z
10b4c9aa6b70feac,Banco BHD,branch,Agencia San Martín,METRO NORTE,"Ave. San Martín #122 Esq. Máximo Gómez, D.N. Rep. Dom.",809-243-5519,,,Dominican Republic,DO,18.4841792,-69.9140276,"Ave. San Martín #122 Esq. Máximo Gómez, D.N. Rep. Dom.",,official_api,bhd_official_api,,,bhd_public_locations_api,https://backend.bhd.com.do/api/locations,60,sucursales,False,Puedes realizar tus transacciones y solicitar tus servicios donde ejecutivos especializados te brindarán una asesoría personalizada de acuerdo a tus necesidades.,,,"[{""id"":297,""open_closing_time"":""8:30 am - 4:00 pm"",""weekday"":""monday""},{""id"":298,""open_closing_time"":""8:30 am - 4:00 pm"",""weekday"":""tuesday""},{""id"":299,""open_closing_time"":""8:30 am - 4:00 pm"",""weekday"":""wednesday""},{""id"":300,""open_closing_time"":""8:30 am - 4:00 pm"",""weekday"":""thursday""},{""id"":301,""open_closing_time"":""8:30 am - 4:00 pm"",""weekday"":""friday""},{""id"":1212,""open_closing_time"":""Cerrado"",""weekday"":""saturday""},{""id"":1213,""open_closing_time"":""Cerrado"",""weekday"":""sunday""}]",2023-01-04T21:56:16.394Z,2023-02-21T20:48:02.506Z,2023-01-04T21:56:17.641Z
f58374a1379f04f1,Banco BHD,branch,Agencia Sirena Autopista Duarte,METRO NORTE,"Autopista Duarte Km. 13 1/2( Dentro Del Multicentro La Sirena ) , D.N. Rep. Dom.",809-243-5541,,,Dominican Republic,DO,,,"Autopista Duarte Km. 13 1/2( Dentro Del Multicentro La Sirena ) , D.N. Rep. Dom.",,official_api_outside_dr_bounds,,,,bhd_public_locations_api,https://backend.bhd.com.do/api/locations,61,sucursales,True,Puedes realizar tus transacciones y solicitar tus servicios donde ejecutivos especializados te brindarán una asesoría personalizada de acuerdo a tus necesidades.,,,"[{""id"":302,""open_closing_time"":""9:00 am - 7:00 pm"",""weekday"":""monday""},{""id"":303,""open_closing_time"":""9:00 am - 7:00 pm"",""weekday"":""tuesday""},{""id"":304,""open_closing_time"":""9:00 am - 7:00 pm"",""weekday"":""wednesday""},{""id"":305,""open_closing_time"":""9:00 am - 7:00 pm"",""weekday"":""thursday""},{""id"":306,""open_closing_time"":""9:00 am - 7:00 pm"",""weekday"":""friday""},{""id"":307,""open_closing_time"":""9:00 am a 2:00 pm"",""weekday"":""saturday""},{""id"":1214,""open_closing_time"":""Cerrado"",""weekday"":""sunday""}]",2023-01-04T22:06:15.091Z,2025-03-19T18:00:34.421Z,2023-01-04T22:06:17.914Z
428b09fe154cc55b,Banco BHD,branch,Ágora Mall Santiago,METRO NORTE,Local 213 ubicado en el segundo (2do) piso,,,,Dominican Republic,DO,19.457284586248473,-70.68595051384045,Local 213 ubicado en el segundo (2do) piso,,official_api,bhd_official_api,,,bhd_public_locations_api,https://backend.bhd.com.do/api/locations,1534,sucursales,True,,,,"[{""id"":9048,""open_closing_time"":""9:00 a. m. a 7:00 p. m."",""weekday"":""monday""},{""id"":9047,""open_closing_time"":""9:00 a. m. a 7:00 p. m."",""weekday"":""tuesday""},{""id"":9049,""open_closing_time"":""9:00 a. m. a 7:00 p. m."",""weekday"":""wednesday""},{""id"":9050,""open_closing_time"":""9:00 a. m. a 7:00 p. m."",""weekday"":""thursday""},{""id"":9051,""open_closing_time"":""9:00 a. m. a 7:00 p. m."",""weekday"":""friday""},{""id"":9052,""open_closing_time"":""9:00 a. m. a 3:00 p. m."",""weekday"":""saturday""},{""id"":9053,""open_closing_time"":""Cerrado"",""weekday"":""sunday""}]",2025-08-21T22:30:42.701Z,2025-08-21T22:30:45.195Z,2025-08-21T22:30:45.188Z
390a5f70ec07f4a7,Banco BHD,branch,Colina Centro,METRO NORTE,Avenida Jacobo Majluta Azar dentro de las instalaciones de Colina Centro,809-243-8100,,,Dominican Republic,DO,18.554573,-69.944524,Avenida Jacobo Majluta Azar dentro de las instalaciones de Colina Centro,,official_api,bhd_official_api,,,bhd_public_locations_api,https://backend.bhd.com.do/api/locations,1490,sucursales,False,Puedes realizar tus transacciones y solicitar tus servicios donde ejecutivos especializados te brindarán una asesoría personalizada de acuerdo a tus necesidades.,,Horario de Autobanco: de lunes a viernes 9:00 a. m. a 7:00 p. m. y sábado de 9:00 a. m. a 1:00 p. m.,"[{""id"":8935,""open_closing_time"":""9:00 a. m. a 7:00 p. m."",""weekday"":""monday""},{""id"":8936,""open_closing_time"":""9:00 a. m. a 7:00 p. m."",""weekday"":""tuesday""},{""id"":8937,""open_closing_time"":""9:00 a. m. a 7:00 p. m."",""weekday"":""wednesday""},{""id"":8938,""open_closing_time"":""9:00 a. m. a 7:00 p. m."",""weekday"":""thursday""},{""id"":8940,""open_closing_time"":""9:00 a. m. a 7:00 p. m."",""weekday"":""friday""},{""id"":8939,""open_closing_time"":""9:00 a. m. a 1:00 p. m."",""weekday"":""saturday""}]",2025-03-12T21:39:49.844Z,2025-03-12T21:42:47.971Z,2025-03-12T21:39:52.159Z
b5e8611066f755f3,Banco BHD,branch,Sucursal Lope De Vega,METRO NORTE,"Ave. Lope De Vega Casi Esq. Fantino Falco , D.N. Rep. Dom.",809-243-5530,,,Dominican Republic,DO,18.47691,-69.93078,"Ave. Lope De Vega Casi Esq. Fantino Falco , D.N. Rep. Dom.",,official_api,bhd_official_api,,,bhd_public_locations_api,https://backend.bhd.com.do/api/locations,54,sucursales,False,Puedes realizar tus transacciones y solicitar tus servicios donde ejecutivos especializados te brindarán una asesoría personalizada de acuerdo a tus necesidades.,,Horario de auto caja: lunes a viernes de 8:30 a. m. a 5:00 p. m. y sábados de 9:00 a. m. a 1:00 p. m.,"[{""id"":262,""open_closing_time"":""8:30 am - 4:00 pm"",""weekday"":""monday""},{""id"":261,""open_closing_time"":""8:30 am - 4:00 pm"",""weekday"":""tuesday""},{""id"":263,""open_closing_time"":""8:30 am - 4:00 pm"",""weekday"":""wednesday""},{""id"":264,""open_closing_time"":""8:30 am - 4:00 pm"",""weekday"":""thursday""},{""id"":265,""open_closing_time"":""8:30 am - 4:00 pm"",""weekday"":""friday""},{""id"":266,""open_closing_time"":""9:00 am a 1:00 pm"",""weekday"":""saturday""},{""id"":1205,""open_closing_time"":""Cerrado"",""weekday"":""sunday""}]",2023-01-04T20:49:09.577Z,2025-11-20T12:34:09.157Z,2023-01-04T20:49:11.728Z
7c7ef5a7f98213a9,Banco BHD,branch,Sucursal Núñez de Cáceres,METRO NORTE,"Ave. Nuñez De Caceres, # 22, Los Prados",809-243-5586,,,Dominican Republic,DO,18.28603,-69.57695,"Ave. Nuñez De Caceres, # 22, Los Prados",,official_api,bhd_official_api,,,bhd_public_locations_api,https://backend.bhd.com.do/api/locations,53,sucursales,False,Puedes realizar tus transacciones y solicitar tus servicios donde ejecutivos especializados te brindarán una asesoría personalizada de acuerdo a tus necesidades.,,Autobanco: lunes a viernes 8:30 a.m. a 5:00 p.m.,"[{""id"":255,""open_closing_time"":""8:30 am - 4:00 pm"",""weekday"":""monday""},{""id"":256,""open_closing_time"":""8:30 am - 4:00 pm"",""weekday"":""tuesday""},{""id"":257,""open_closing_time"":""8:30 am - 4:00 pm"",""weekday"":""wednesday""},{""id"":258,""open_closing_time"":""8:30 am - 4:00 pm"",""weekday"":""thursday""},{""id"":259,""open_closing_time"":""8:30 am - 4:00 pm"",""weekday"":""friday""},{""id"":260,""open_closing_time"":""9:00 am a 1:00 pm"",""weekday"":""saturday""},{""id"":1206,""open_closing_time"":""Cerrado"",""weekday"":""sunday""}]",2023-01-04T20:45:54.243Z,2023-10-26T17:25:13.290Z,2023-01-04T20:45:55.587Z
c19cf9dfd8eea22e,Banco BHD,branch,Sucursal Westpark,METRO NORTE,"av. Tiradentes esquina av. Gustavo Mejía Ricart en el ensanche Naco, Santo Domingo.",809-243-5597,,,Dominican Republic,DO,18.47576897922328,-69.92730879671649,"av. Tiradentes esquina av. Gustavo Mejía Ricart en el ensanche Naco, Santo Domingo.",,official_api,bhd_official_api,,,bhd_public_locations_api,https://backend.bhd.com.do/api/locations,62,sucursales,False,"En esta sucursal podrás realizar transacciones, consultas, solicitudes de productos y visitar el área de Servicios.",,,"[{""id"":308,""open_closing_time"":""9:00 am - 5:00 pm"",""weekday"":""monday""},{""id"":309,""open_closing_time"":""9:00 am - 5:00 pm"",""weekday"":""tuesday""},{""id"":310,""open_closing_time"":""9:00 am - 5:00 pm"",""weekday"":""wednesday""},{""id"":311,""open_closing_time"":""9:00 am - 5:00 pm"",""weekday"":""thursday""},{""id"":312,""open_closing_time"":""9:00 am - 5:00 pm"",""weekday"":""friday""},{""id"":313,""open_closing_time"":""9:00 am - 1:00 pm"",""weekday"":""saturday""},{""id"":708,""open_closing_time"":""Cerrado"",""weekday"":""sunday""}]",2023-01-04T22:09:05.415Z,2024-12-27T12:42:23.029Z,2024-06-21T19:13:51.115Z
9de63573bb82ddd1,Banco BHD,branch,Agencia 27 de Febrero,METRO SUR,"Ave. 27 De Febrero #50 , D.N. Rep. Dom.",809-243-5515,,,Dominican Republic,DO,18.47481,-69.91615,"Ave. 27 De Febrero #50 , D.N. Rep. Dom.",,official_api,bhd_official_api,,,bhd_public_locations_api,https://backend.bhd.com.do/api/locations,63,sucursales,False,"En esta sucursal podrás realizar transacciones, consultas, solicitudes de productos y visitar el área de Servicios.",,,"[{""id"":314,""open_closing_time"":""8:30 am - 4:00 pm"",""weekday"":""monday""},{""id"":315,""open_closing_time"":""8:30 am - 4:00 pm"",""weekday"":""tuesday""},{""id"":316,""open_closing_time"":""8:30 am - 4:00 pm"",""weekday"":""wednesday""},{""id"":317,""open_closing_time"":""8:30 am - 4:00 pm"",""weekday"":""thursday""},{""id"":318,""open_closing_time"":""8:30 am - 4:00 pm"",""weekday"":""friday""},{""id"":686,""open_closing_time"":""Cerrado"",""weekday"":""saturday""},{""id"":687,""open_closing_time"":""Cerrado"",""weekday"":""sunday""}]",2023-01-04T22:11:05.609Z,2023-02-21T21:00:23.804Z,2023-01-04T22:11:07.476Z
ebfc65274ebf5622,Banco BHD,branch,Agencia Bella Vista,METRO SUR,"Ave. Sarasota Esq. Francisco Moreno, Plaza Kury , D.N. Rep. Dom.",809-243-5525,,,Dominican Republic,DO,18.45578,-69.93888,"Ave. Sarasota Esq. Francisco Moreno, Plaza Kury , D.N. Rep. Dom.",,official_api,bhd_official_api,,,bhd_public_locations_api,https://backend.bhd.com.do/api/locations,64,sucursales,False,"En esta sucursal podrás realizar transacciones, consultas, solicitudes de productos y visitar el área de Servicios.",,,"[{""id"":320,""open_closing_time"":"" 8:30 am - 4:00 pm"",""weekday"":""monday""},{""id"":319,""open_closing_time"":"" 8:30 am - 4:00 pm"",""weekday"":""tuesday""},{""id"":321,""open_closing_time"":"" 8:30 am - 4:00 pm"",""weekday"":""wednesday""},{""id"":322,""open_closing_time"":"" 8:30 am - 4:00 pm"",""weekday"":""thursday""},{""id"":323,""open_closing_time"":"" 8:30 am - 4:00 pm"",""weekday"":""friday""},{""id"":710,""open_closing_time"":""Cerrado"",""weekday"":""saturday""},{""id"":711,""open_closing_time"":""Cerrado"",""weekday"":""sunday""}]",2023-01-04T22:13:25.975Z,2023-02-21T21:00:55.739Z,2023-01-04T22:13:27.876Z
214816d705cdd6cb,Banco BHD,branch,Agencia César Nicolás Penson,METRO SUR,C/César Nicolás Penson Esq. Federico Henriquez Y Carvajal,809-243-5512,,,Dominican Republic,DO,18.47129,-69.90445,C/César Nicolás Penson Esq. Federico Henriquez Y Carvajal,,official_api,bhd_official_api,,,bhd_public_locations_api,https://backend.bhd.com.do/api/locations,65,sucursales,False,Puedes realizar tus transacciones y solicitar tus servicios donde ejecutivos especializados te brindarán una asesoría personalizada de acuerdo a tus necesidades.,,Horario de Autobanco: lunes a viernes 8:30 a. m. hasta las 5:00 p. m.,"[{""id"":324,""open_closing_time"":""8:30 am - 4:00 pm"",""weekday"":""monday""},{""id"":325,""open_closing_time"":""8:30 am - 4:00 pm"",""weekday"":""tuesday""},{""id"":326,""open_closing_time"":""8:30 am - 4:00 pm"",""weekday"":""wednesday""},{""id"":327,""open_closing_time"":""8:30 am - 4:00 pm"",""weekday"":""thursday""},{""id"":328,""open_closing_time"":""8:30 am - 4:00 pm"",""weekday"":""friday""},{""id"":1215,""open_closing_time"":""9:00 am - 1:00 pm"",""weekday"":""saturday""},{""id"":1216,""open_closing_time"":""Cerrado"",""weekday"":""sunday""}]",2023-01-04T22:19:28.682Z,2026-08-18T20:04:54.070Z,2023-01-04T22:19:30.830Z
67a5abcd69663d98,Banco BHD,branch,Agencia Downtown Center,METRO SUR,"Av. Romulo Betancourt , esq. Nuñez De Caceres Centro Comercial Downtown Center",809-243-5537,,,Dominican Republic,DO,18.4506044,-69.9521226,"Av. Romulo Betancourt , esq. Nuñez De Caceres Centro Comercial Downtown Center",,official_api,bhd_official_api,,,bhd_public_locations_api,https://backend.bhd.com.do/api/locations,66,sucursales,False,Puedes realizar tus transacciones y solicitar tus servicios donde ejecutivos especializados te brindarán una asesoría personalizada de acuerdo a tus necesidades.,,,"[{""id"":329,""open_closing_time"":""9:00 am - 7:00 pm"",""weekday"":""monday""},{""id"":330,""open_closing_time"":""9:00 am - 7:00 pm"",""weekday"":""tuesday""},{""id"":331,""open_closing_time"":""9:00 am - 7:00 pm"",""weekday"":""wednesday""},{""id"":332,""open_closing_time"":""9:00 am - 7:00 pm"",""weekday"":""thursday""},{""id"":333,""open_closing_time"":""9:00 am - 7:00 pm"",""weekday"":""friday""},{""id"":334,""open_closing_time"":""9:00 am a 2:00 pm"",""weekday"":""saturday""},{""id"":1217,""open_closing_time"":""Cerrado"",""weekday"":""sunday""}]",2023-01-04T22:23:46.329Z,2023-02-21T21:03:27.253Z,2023-01-04T22:23:47.541Z
d85cbb50a65e3a80,Banco BHD,branch,Agencia Gazcue,METRO SUR,"Avenida Máximo Gomez, esquina Calle Santiago, D. N., Rep. Dom.",809-243-5539,,,Dominican Republic,DO,18.46368,-69.90946,"Avenida Máximo Gomez, esquina Calle Santiago, D. N., Rep. Dom.",,official_api,bhd_official_api,,,bhd_public_locations_api,https://backend.bhd.com.do/api/locations,69,sucursales,False,Puedes realizar tus transacciones y solicitar tus servicios donde ejecutivos especializados te brindarán una asesoría personalizada de acuerdo a tus necesidades.,,Autobanco: lunes a viernes 8:30 a 5:00 p.m.,"[{""id"":347,""open_closing_time"":""8:30 am - 4:00 pm"",""weekday"":""monday""},{""id"":346,""open_closing_time"":""8:30 am - 4:00 pm"",""weekday"":""tuesday""},{""id"":348,""open_closing_time"":""8:30 am - 4:00 pm"",""weekday"":""wednesday""},{""id"":349,""open_closing_time"":""8:30 am - 4:00 pm"",""weekday"":""thursday""},{""id"":350,""open_closing_time"":""8:30 am - 4:00 pm"",""weekday"":""friday""},{""id"":1221,""open_closing_time"":""9:00 am - 1:00 pm"",""weekday"":""saturday""},{""id"":1222,""open_closing_time"":""Cerrado"",""weekday"":""sunday""}]",2023-01-04T22:32:10.897Z,2025-04-17T15:21:14.855Z,2023-02-09T14:13:49.840Z
1c62eb3dda96af9d,Banco BHD,branch,Agencia Parque Independencia,METRO SUR,"Arz. Nouel no. 456, Ciudad Nueva.",809-243-5518,,,Dominican Republic,DO,18.47084,-69.89194,"Arz. Nouel no. 456, Ciudad Nueva.",,official_api,bhd_official_api,,,bhd_public_locations_api,https://backend.bhd.com.do/api/locations,67,sucursales,False,Puedes realizar tus transacciones y solicitar tus servicios donde ejecutivos especializados te brindarán una asesoría personalizada de acuerdo a tus necesidades.,,,"[{""id"":335,""open_closing_time"":""8:30 am - 4:00 pm"",""weekday"":""monday""},{""id"":336,""open_closing_time"":""8:30 am - 4:00 pm"",""weekday"":""tuesday""},{""id"":337,""open_closing_time"":""8:30 am - 4:00 pm"",""weekday"":""wednesday""},{""id"":338,""open_closing_time"":""8:30 am - 4:00 pm"",""weekday"":""thursday""},{""id"":339,""open_closing_time"":""8:30 am - 4:00 pm"",""weekday"":""friday""},{""id"":1218,""open_closing_time"":""Cerrado"",""weekday"":""saturday""},{""id"":1219,""open_closing_time"":""Cerrado"",""weekday"":""sunday""}]",2023-01-04T22:26:02.713Z,2025-04-17T15:09:05.161Z,2023-01-04T22:26:04.079Z
0bc86f294809f983,Banco BHD,branch,Agencia Privada,METRO SUR,"Ave. Privada #38 Esq. Rómulo Betancourt, D.N. Rep. Dom.",809-243-5539,,,Dominican Republic,DO,18.44775,-69.96109,"Ave. Privada #38 Esq. Rómulo Betancourt, D.N. Rep. Dom.",,official_api,bhd_official_api,,,bhd_public_locations_api,https://backend.bhd.com.do/api/locations,68,sucursales,False,Puedes realizar tus transacciones y solicitar tus servicios donde ejecutivos especializados te brindarán una asesoría personalizada de acuerdo a tus necesidades.,,,"[{""id"":340,""open_closing_time"":""8:30 am - 4:00 pm"",""weekday"":""monday""},{""id"":341,""open_closing_time"":""8:30 am - 4:00 pm"",""weekday"":""tuesday""},{""id"":342,""open_closing_time"":""8:30 am - 4:00 pm"",""weekday"":""wednesday""},{""id"":343,""open_closing_time"":""8:30 am - 4:00 pm"",""weekday"":""thursday""},{""id"":344,""open_closing_time"":""8:30 am - 4:00 pm"",""weekday"":""friday""},{""id"":345,""open_closing_time"":""9:00 am - 1:00 pm"",""weekday"":""saturday""},{""id"":1220,""open_closing_time"":""Cerrado"",""weekday"":""sunday""}]",2023-01-04T22:27:59.373Z,2024-11-19T13:47:58.582Z,2023-01-04T22:28:01.261Z
71e1b8051bb55de7,Banco BHD,branch,Agencia Quisqueya,METRO SUR,"Ave. 27 De Febrero #388 , D.N. Rep. Dom.",809-243-5540,,,Dominican Republic,DO,18.45741,-69.94829,"Ave. 27 De Febrero #388 , D.N. Rep. Dom.",,official_api,bhd_official_api,,,bhd_public_locations_api,https://backend.bhd.com.do/api/locations,70,sucursales,False,Puedes realizar tus transacciones y solicitar tus servicios donde ejecutivos especializados te brindarán una asesoría personalizada de acuerdo a tus necesidades.,,,"[{""id"":351,""open_closing_time"":""8:30 am - 4:00 pm"",""weekday"":""monday""},{""id"":352,""open_closing_time"":""8:30 am - 4:00 pm"",""weekday"":""tuesday""},{""id"":353,""open_closing_time"":""8:30 am - 4:00 pm"",""weekday"":""wednesday""},{""id"":354,""open_closing_time"":""8:30 am - 4:00 pm"",""weekday"":""thursday""},{""id"":355,""open_closing_time"":""8:30 am - 4:00 pm"",""weekday"":""friday""},{""id"":1224,""open_closing_time"":""Cerrado"",""weekday"":""saturday""},{""id"":1223,""open_closing_time"":""Cerrado"",""weekday"":""sunday""}]",2023-01-04T22:35:04.535Z,2023-02-22T13:56:40.497Z,2023-01-04T22:35:07.119Z
9bff9bf67bbba445,Banco BHD,branch,Agencia UNIBE,METRO SUR,Ave. Francia Dentro De Las Instalaciones De La Universidad Iberoamericana,809-243-0516,,,Dominican Republic,DO,18.474628,-69.90908,Ave. Francia Dentro De Las Instalaciones De La Universidad Iberoamericana,,official_api,bhd_official_api,,,bhd_public_locations_api,https://backend.bhd.com.do/api/locations,72,sucursales,False,Puedes realizar tus transacciones y solicitar tus servicios donde ejecutivos especializados te brindarán una asesoría personalizada de acuerdo a tus necesidades.,,,"[{""id"":362,""open_closing_time"":""9:00 am - 5:00 pm"",""weekday"":""monday""},{""id"":363,""open_closing_time"":""9:00 am - 5:00 pm"",""weekday"":""tuesday""},{""id"":364,""open_closing_time"":""9:00 am - 5:00 pm"",""weekday"":""wednesday""},{""id"":365,""open_closing_time"":""9:00 am - 5:00 pm"",""weekday"":""thursday""},{""id"":366,""open_closing_time"":""9:00 am - 5:00 pm"",""weekday"":""friday""},{""id"":1227,""open_closing_time"":""Cerrado"",""weekday"":""saturday""},{""id"":1226,""open_closing_time"":""Cerrado"",""weekday"":""sunday""}]",2023-01-05T13:11:34.965Z,2023-02-22T13:58:30.225Z,2023-02-09T14:13:49.840Z
72162a5e6af2210e,Banco BHD,branch,Bella Vista Mall,METRO SUR,"Av. Sarasota, Plaza Bella Vista Mall, 2Do. Nivel",809-243-5531,,,Dominican Republic,DO,18.45336,-69.94265,"Av. Sarasota, Plaza Bella Vista Mall, 2Do. Nivel",,official_api,bhd_official_api,,,bhd_public_locations_api,https://backend.bhd.com.do/api/locations,73,sucursales,False,Puedes realizar tus transacciones y solicitar tus servicios donde ejecutivos especializados te brindarán una asesoría personalizada de acuerdo a tus necesidades.,,,"[{""id"":367,""open_closing_time"":""9:00 am - 7:00 pm"",""weekday"":""monday""},{""id"":369,""open_closing_time"":""9:00 am - 7:00 pm"",""weekday"":""tuesday""},{""id"":368,""open_closing_time"":""9:00 am - 7:00 pm"",""weekday"":""wednesday""},{""id"":370,""open_closing_time"":""9:00 am - 7:00 pm"",""weekday"":""thursday""},{""id"":371,""open_closing_time"":""9:00 am - 7:00 pm"",""weekday"":""friday""},{""id"":372,""open_closing_time"":""9:00 am - 2:00 pm"",""weekday"":""saturday""},{""id"":1228,""open_closing_time"":""Cerrado"",""weekday"":""sunday""}]",2023-01-05T13:27:08.881Z,2023-02-22T13:59:10.280Z,2023-02-09T14:13:49.840Z
d38e93627500646c,Banco BHD,branch,Crédito Amigo Los Guandules,METRO SUR,"Calle Padre Castellanos Edificio 11, Barrio 27 De Febrero.",809-684-8859,,,Dominican Republic,DO,,,"Calle Padre Castellanos Edificio 11, Barrio 27 De Febrero.",,official_api_outside_dr_bounds,,,,bhd_public_locations_api,https://backend.bhd.com.do/api/locations,76,sucursales,False,Puedes realizar tus transacciones y solicitar tus servicios donde ejecutivos especializados te brindarán una asesoría personalizada de acuerdo a tus necesidades.,,,"[{""id"":384,""open_closing_time"":""8:30 am - 4:00 pm"",""weekday"":""monday""},{""id"":385,""open_closing_time"":""8:30 am - 4:00 pm"",""weekday"":""tuesday""},{""id"":386,""open_closing_time"":""8:30 am - 4:00 pm"",""weekday"":""wednesday""},{""id"":387,""open_closing_time"":""8:30 am - 4:00 pm"",""weekday"":""thursday""},{""id"":388,""open_closing_time"":""8:30 am - 4:00 pm"",""weekday"":""friday""},{""id"":389,""open_closing_time"":""9:00 am a 1:00 pm"",""weekday"":""saturday""},{""id"":1255,""open_closing_time"":""Cerrado"",""weekday"":""sunday""}]",2023-01-05T13:47:07.175Z,2023-02-28T13:53:33.362Z,2023-01-05T13:47:08.390Z
9012363ae8969953,Banco BHD,branch,Sucursal Avenida Mella,METRO SUR,"Av. Mella #352, San Miguel, Al Lado De La Tienda Prin Y Frente A Casa Damaris.",829-893-5082,,,Dominican Republic,DO,18.476811,-69.888711,"Av. Mella #352, San Miguel, Al Lado De La Tienda Prin Y Frente A Casa Damaris.",,official_api,bhd_official_api,,,bhd_public_locations_api,https://backend.bhd.com.do/api/locations,74,sucursales,False,Puedes realizar tus transacciones y solicitar tus servicios donde ejecutivos especializados te brindarán una asesoría personalizada de acuerdo a tus necesidades.,,,"[{""id"":373,""open_closing_time"":""8:30 am - 4:00 pm"",""weekday"":""monday""},{""id"":374,""open_closing_time"":""8:30 am - 4:00 pm"",""weekday"":""tuesday""},{""id"":375,""open_closing_time"":""8:30 am - 4:00 pm"",""weekday"":""wednesday""},{""id"":376,""open_closing_time"":""8:30 am - 4:00 pm"",""weekday"":""thursday""},{""id"":377,""open_closing_time"":""8:30 am - 4:00 pm"",""weekday"":""friday""},{""id"":1229,""open_closing_time"":""Cerrado"",""weekday"":""saturday""},{""id"":1230,""open_closing_time"":""Cerrado"",""weekday"":""sunday""}]",2023-01-05T13:28:39.315Z,2023-02-22T14:00:06.586Z,2023-01-05T13:28:40.887Z
cf0d6e0ab54a2dd7,Banco BHD,branch,Sucursal Bolivar BL,METRO SUR,"Ave. Bolívar no. 169, Esq. Pasteur.",809-243-5563,,,Dominican Republic,DO,18.4695794,-69.9017743,"Ave. Bolívar no. 169, Esq. Pasteur.",,official_api,bhd_official_api,,,bhd_public_locations_api,https://backend.bhd.com.do/api/locations,71,sucursales,False,Puedes realizar tus transacciones y solicitar tus servicios donde ejecutivos especializados te brindarán una asesoría personalizada de acuerdo a tus necesidades.,,Horario Autocaja: Lunes a viernes 8:30 a. m. a 5:00 p. m. Sábados 9:00 a. m. a 1:00 p. m.,"[{""id"":356,""open_closing_time"":""8:30 am - 4:00 pm"",""weekday"":""monday""},{""id"":357,""open_closing_time"":""8:30 am - 4:00 pm"",""weekday"":""tuesday""},{""id"":358,""open_closing_time"":""8:30 am - 4:00 pm"",""weekday"":""wednesday""},{""id"":359,""open_closing_time"":""8:30 am - 4:00 pm"",""weekday"":""thursday""},{""id"":360,""open_closing_time"":""8:30 am - 4:00 pm"",""weekday"":""friday""},{""id"":361,""open_closing_time"":""8:30 am - 1:00 pm"",""weekday"":""saturday""},{""id"":1225,""open_closing_time"":""Cerrado"",""weekday"":""sunday""}]",2023-01-04T22:38:02.489Z,2025-04-17T15:13:18.949Z,2023-01-04T22:38:07.448Z
d5a952ed515d23e9,Banco BHD,branch,Sucursal Duarte III BL,METRO SUR,Ave. Duarte # 103 Esq. Fco. Henriquez,809-243-5573,,,Dominican Republic,DO,18.4824635,-69.8914207,Ave. Duarte # 103 Esq. Fco. Henriquez,,official_api,bhd_official_api,,,bhd_public_locations_api,https://backend.bhd.com.do/api/locations,75,sucursales,False,Puedes realizar tus transacciones y solicitar tus servicios donde ejecutivos especializados te brindarán una asesoría personalizada de acuerdo a tus necesidades.,,,"[{""id"":378,""open_closing_time"":"" 8:30 am - 4:00 pm"",""weekday"":""monday""},{""id"":379,""open_closing_time"":"" 8:30 am - 4:00 pm"",""weekday"":""tuesday""},{""id"":380,""open_closing_time"":"" 8:30 am - 4:00 pm"",""weekday"":""wednesday""},{""id"":381,""open_closing_time"":"" 8:30 am - 4:00 pm"",""weekday"":""thursday""},{""id"":382,""open_closing_time"":"" 8:30 am - 4:00 pm"",""weekday"":""friday""},{""id"":383,""open_closing_time"":""9:00 am a 1:00 pm"",""weekday"":""saturday""},{""id"":1231,""open_closing_time"":""Cerrado"",""weekday"":""sunday""}]",2023-01-05T13:44:15.507Z,2023-02-22T14:00:50.423Z,2023-01-05T13:44:17.611Z
82fecdca379a19c3,Banco BHD,branch,Crédito Amigo Villa Mella,MICROFINANZAS,"Av. Hermanas Mirabal #762, Plaza Galerías De Villa Mella.",809-569-8585,,,Dominican Republic,DO,18.54294,-69.903034,"Av. Hermanas Mirabal #762, Plaza Galerías De Villa Mella.",,official_api,bhd_official_api,,,bhd_public_locations_api,https://backend.bhd.com.do/api/locations,1453,sucursales,False,Puedes realizar tus transacciones y solicitar tus servicios donde ejecutivos especializados te brindarán una asesoría personalizada de acuerdo a tus necesidades.,,,"[{""id"":1256,""open_closing_time"":""8:30 am a 4:00 pm"",""weekday"":""monday""},{""id"":1257,""open_closing_time"":""8:30 am a 4:00 pm"",""weekday"":""tuesday""},{""id"":1258,""open_closing_time"":""8:30 am a 4:00 pm"",""weekday"":""wednesday""},{""id"":1259,""open_closing_time"":""8:30 am a 4:00 pm"",""weekday"":""thursday""},{""id"":1261,""open_closing_time"":""8:30 am a 4:00 pm"",""weekday"":""friday""},{""id"":1260,""open_closing_time"":""9:00 am a 1:00 pm"",""weekday"":""saturday""},{""id"":1262,""open_closing_time"":""Cerrado"",""weekday"":""sunday""}]",2023-02-28T14:01:27.665Z,2023-02-28T14:01:33.799Z,2023-02-28T14:01:33.795Z
8d709ed4e070493d,Banco BHD,branch,Agencia Cabarete,NORDESTE,"Local comercial ubicado en la Calle Principal, Centro Comercial Janet’s Mall, Cabarete, Municipio Sosúa, Provincia Puerto Plata",829-895-7002,,,Dominican Republic,DO,19.750826042757204,-70.41537102181645,"Local comercial ubicado en la Calle Principal, Centro Comercial Janet’s Mall, Cabarete, Municipio Sosúa, Provincia Puerto Plata",,official_api,bhd_official_api,,,bhd_public_locations_api,https://backend.bhd.com.do/api/locations,88,sucursales,False,Puedes realizar tus transacciones y solicitar tus servicios donde ejecutivos especializados te brindarán una asesoría personalizada de acuerdo a tus necesidades.,,,"[{""id"":456,""open_closing_time"":""8:30 a. m. - 6:00 p. m."",""weekday"":""monday""},{""id"":457,""open_closing_time"":""8:30 a. m. - 6:00 p. m."",""weekday"":""tuesday""},{""id"":459,""open_closing_time"":""8:30 a. m. - 6:00 p. m."",""weekday"":""wednesday""},{""id"":458,""open_closing_time"":""8:30 a. m. - 6:00 p. m."",""weekday"":""thursday""},{""id"":460,""open_closing_time"":""8:30 a. m. - 6:00 p. m."",""weekday"":""friday""},{""id"":461,""open_closing_time"":""9:00 a. m. a 1:00 p. m."",""weekday"":""saturday""},{""id"":1274,""open_closing_time"":""Cerrado"",""weekday"":""sunday""}]",2023-01-05T16:27:10.529Z,2026-05-05T15:04:53.915Z,2023-01-05T16:27:12.444Z
ed3684b79a7c3195,Banco BHD,branch,Agencia Esperanza,NORDESTE,"Calle María Trinidad Sánchez #51, Esperanza, R.D.",809-755-9100,,,Dominican Republic,DO,19.58128,-70.98855,"Calle María Trinidad Sánchez #51, Esperanza, R.D.",,official_api,bhd_official_api,,,bhd_public_locations_api,https://backend.bhd.com.do/api/locations,89,sucursales,False,Puedes realizar tus transacciones y solicitar tus servicios donde ejecutivos especializados te brindarán una asesoría personalizada de acuerdo a tus necesidades.,,,"[{""id"":462,""open_closing_time"":""8:30 am - 4:00 pm"",""weekday"":""monday""},{""id"":465,""open_closing_time"":""8:30 am - 4:00 pm"",""weekday"":""tuesday""},{""id"":463,""open_closing_time"":""8:30 am - 4:00 pm"",""weekday"":""wednesday""},{""id"":464,""open_closing_time"":""8:30 am - 4:00 pm"",""weekday"":""thursday""},{""id"":466,""open_closing_time"":""8:30 am - 4:00 pm"",""weekday"":""friday""},{""id"":467,""open_closing_time"":""9:00 am a 1:00 pm"",""weekday"":""saturday""},{""id"":1275,""open_closing_time"":""Cerrado"",""weekday"":""sunday""}]",2023-01-05T17:56:55.888Z,2023-02-28T14:50:02.729Z,2023-01-05T17:56:58.001Z
133c453b4956e083,Banco BHD,branch,Agencia Fantino,NORDESTE,"Calle Duarte #18, Fantino, Prov. Sanchez Ramirez, RD",829-813-5000,,,Dominican Republic,DO,19.12357,-70.30235,"Calle Duarte #18, Fantino, Prov. Sanchez Ramirez, RD",,official_api,bhd_official_api,,,bhd_public_locations_api,https://backend.bhd.com.do/api/locations,77,sucursales,False,Puedes realizar tus transacciones y solicitar tus servicios donde ejecutivos especializados te brindarán una asesoría personalizada de acuerdo a tus necesidades.,,,"[{""id"":390,""open_closing_time"":""8:30 am - 4:00 pm"",""weekday"":""monday""},{""id"":391,""open_closing_time"":""8:30 am - 4:00 pm"",""weekday"":""tuesday""},{""id"":392,""open_closing_time"":""8:30 am - 4:00 pm"",""weekday"":""wednesday""},{""id"":393,""open_closing_time"":""8:30 am - 4:00 pm"",""weekday"":""thursday""},{""id"":394,""open_closing_time"":""8:30 am - 4:00 pm"",""weekday"":""friday""},{""id"":395,""open_closing_time"":""9:00 am a 1:00 pm"",""weekday"":""saturday""},{""id"":1263,""open_closing_time"":""Cerrado"",""weekday"":""sunday""}]",2023-01-05T15:19:25.850Z,2026-02-12T20:56:13.120Z,2023-01-05T15:19:27.505Z
819bf19f3de48583,Banco BHD,branch,Agencia Jarabacoa,NORDESTE,"Calle Mario Nelson Galán Esq. El Carmen, Jarabacoa, R.D.",809-896-7002,,,Dominican Republic,DO,19.12091,-70.6422,"Calle Mario Nelson Galán Esq. El Carmen, Jarabacoa, R.D.",,official_api,bhd_official_api,,,bhd_public_locations_api,https://backend.bhd.com.do/api/locations,78,sucursales,False,Puedes realizar tus transacciones y solicitar tus servicios donde ejecutivos especializados te brindarán una asesoría personalizada de acuerdo a tus necesidades.,,,"[{""id"":396,""open_closing_time"":""8:30 am - 4:00 pm"",""weekday"":""monday""},{""id"":397,""open_closing_time"":""8:30 am - 4:00 pm"",""weekday"":""tuesday""},{""id"":398,""open_closing_time"":""8:30 am - 4:00 pm"",""weekday"":""wednesday""},{""id"":399,""open_closing_time"":""8:30 am - 4:00 pm"",""weekday"":""thursday""},{""id"":400,""open_closing_time"":""8:30 am - 4:00 pm"",""weekday"":""friday""},{""id"":401,""open_closing_time"":""9:00 am a 1:00 pm"",""weekday"":""saturday""},{""id"":1264,""open_closing_time"":""Cerrado"",""weekday"":""sunday""}]",2023-01-05T15:22:25.510Z,2023-02-28T14:05:08.137Z,2023-01-05T15:22:27.553Z
ecae2ec0318584c4,Banco BHD,branch,Agencia La Vega,NORDESTE,"Calle Juan Rodríguez #38 Esq. Manuel Ubaldo Gómez, La Vega, R. D.",809-896-7000,,,Dominican Republic,DO,19.22534,-70.53141,"Calle Juan Rodríguez #38 Esq. Manuel Ubaldo Gómez, La Vega, R. D.",,official_api,bhd_official_api,,,bhd_public_locations_api,https://backend.bhd.com.do/api/locations,90,sucursales,False,Puedes realizar tus transacciones y solicitar tus servicios donde ejecutivos especializados te brindarán una asesoría personalizada de acuerdo a tus necesidades.,,Horario de Autobanco: de lunes a viernes 8:30 a. m. a 6:00 p. m.,"[{""id"":468,""open_closing_time"":""8:30 am - 4:00 pm"",""weekday"":""monday""},{""id"":469,""open_closing_time"":""8:30 am - 4:00 pm"",""weekday"":""tuesday""},{""id"":470,""open_closing_time"":""8:30 am - 4:00 pm"",""weekday"":""wednesday""},{""id"":471,""open_closing_time"":""8:30 am - 4:00 pm"",""weekday"":""thursday""},{""id"":472,""open_closing_time"":""8:30 am - 4:00 pm"",""weekday"":""friday""},{""id"":473,""open_closing_time"":""9:00 am a 1:00 pm"",""weekday"":""saturday""},{""id"":1276,""open_closing_time"":""Cerrado"",""weekday"":""sunday""}]",2023-01-05T17:59:48.076Z,2026-08-24T16:08:21.124Z,2026-08-24T16:08:21.117Z
a2ce55dc19e59f82,Banco BHD,branch,Agencia Licey,NORDESTE,"Calle Duarte #52, Licey, Rep. Dom.",809-894-5008,,,Dominican Republic,DO,19.42991,-70.59996,"Calle Duarte #52, Licey, Rep. Dom.",,official_api,bhd_official_api,,,bhd_public_locations_api,https://backend.bhd.com.do/api/locations,91,sucursales,False,Puedes realizar tus transacciones y solicitar tus servicios donde ejecutivos especializados te brindarán una asesoría personalizada de acuerdo a tus necesidades.,,,"[{""id"":474,""open_closing_time"":""8:30 am - 4:00 pm"",""weekday"":""monday""},{""id"":475,""open_closing_time"":""8:30 am - 4:00 pm"",""weekday"":""tuesday""},{""id"":476,""open_closing_time"":""8:30 am - 4:00 pm"",""weekday"":""wednesday""},{""id"":477,""open_closing_time"":""8:30 am - 4:00 pm"",""weekday"":""thursday""},{""id"":478,""open_closing_time"":""8:30 am - 4:00 pm"",""weekday"":""friday""},{""id"":479,""open_closing_time"":""9:00 am a 1:00 pm"",""weekday"":""saturday""},{""id"":1277,""open_closing_time"":""Cerrado"",""weekday"":""sunday""}]",2023-01-05T19:24:54.851Z,2023-02-28T14:51:01.155Z,2023-01-05T19:24:56.985Z
9d92d66e09501d5f,Banco BHD,branch,Agencia Moca,NORDESTE,Calle Jose Dolores Alfonseca esq. Independencia.,809-898-1000,,,Dominican Republic,DO,19.39657,-70.52654,Calle Jose Dolores Alfonseca esq. Independencia.,,official_api,bhd_official_api,,,bhd_public_locations_api,https://backend.bhd.com.do/api/locations,94,sucursales,False,Puedes realizar tus transacciones y solicitar tus servicios donde ejecutivos especializados te brindarán una asesoría personalizada de acuerdo a tus necesidades.,,Autobanco: lunes a viernes 8:30 a. m a 5:00 p. m.,"[{""id"":492,""open_closing_time"":"" 8:30 am - 4:00 pm"",""weekday"":""monday""},{""id"":493,""open_closing_time"":"" 8:30 am - 4:00 pm"",""weekday"":""tuesday""},{""id"":494,""open_closing_time"":"" 8:30 am - 4:00 pm"",""weekday"":""wednesday""},{""id"":495,""open_closing_time"":"" 8:30 am - 4:00 pm"",""weekday"":""thursday""},{""id"":496,""open_closing_time"":"" 8:30 am - 4:00 pm"",""weekday"":""friday""},{""id"":497,""open_closing_time"":""9:00 am a 1:00 pm"",""weekday"":""saturday""},{""id"":1280,""open_closing_time"":""Cerrado"",""weekday"":""sunday""}]",2023-01-05T19:33:07.222Z,2024-12-02T16:50:12.563Z,2023-01-05T19:33:09.092Z
c5cb357102fcb9e1,Banco BHD,branch,Agencia Nagua,NORDESTE,"Calle María Trinidad Sánchez Esq. 27 De Febrero, Nagua.",829-897-5000,,,Dominican Republic,DO,19.37332,-69.85415,"Calle María Trinidad Sánchez Esq. 27 De Febrero, Nagua.",,official_api,bhd_official_api,,,bhd_public_locations_api,https://backend.bhd.com.do/api/locations,79,sucursales,False,Puedes realizar tus transacciones y solicitar tus servicios donde ejecutivos especializados te brindarán una asesoría personalizada de acuerdo a tus necesidades.,,Horario de Autobanco: de lunes a viernes de 8:30 a. m. a 6:00 p. m. y los sábados de 9:00 a. m. a 1:00 p. m.,"[{""id"":402,""open_closing_time"":""8:30 am - 4:00 pm"",""weekday"":""monday""},{""id"":403,""open_closing_time"":""8:30 am - 4:00 pm"",""weekday"":""tuesday""},{""id"":404,""open_closing_time"":""8:30 am - 4:00 pm"",""weekday"":""wednesday""},{""id"":405,""open_closing_time"":""8:30 am - 4:00 pm"",""weekday"":""thursday""},{""id"":406,""open_closing_time"":""8:30 am - 4:00 pm"",""weekday"":""friday""},{""id"":407,""open_closing_time"":""9:00 am a 1:00 pm"",""weekday"":""saturday""},{""id"":1265,""open_closing_time"":""Cerrado"",""weekday"":""sunday""}]",2023-01-05T15:24:16.801Z,2025-06-23T20:44:31.270Z,2023-01-05T15:24:18.179Z
f5216b21fc8d0a53,Banco BHD,branch,Agencia Puerto Plata,NORDESTE,Calle Profesor Juan Bosch esquina calle San Felipe.,829-895-7000,,,Dominican Republic,DO,19.79905,-70.69374,Calle Profesor Juan Bosch esquina calle San Felipe.,,official_api,bhd_official_api,,,bhd_public_locations_api,https://backend.bhd.com.do/api/locations,95,sucursales,False,Puedes realizar tus transacciones y solicitar tus servicios donde ejecutivos especializados te brindarán una asesoría personalizada de acuerdo a tus necesidades.,,Horario de Autobanco: lunes a viernes 8:30 a. m. a 6:00 p. m.,"[{""id"":498,""open_closing_time"":""8:30 am - 5:00 pm"",""weekday"":""monday""},{""id"":499,""open_closing_time"":""8:30 am - 5:00 pm"",""weekday"":""tuesday""},{""id"":500,""open_closing_time"":""8:30 am - 5:00 pm"",""weekday"":""wednesday""},{""id"":501,""open_closing_time"":""8:30 am - 5:00 pm"",""weekday"":""thursday""},{""id"":502,""open_closing_time"":""8:30 am - 5:00 pm"",""weekday"":""friday""},{""id"":503,""open_closing_time"":""9:00 am a 1:00 pm"",""weekday"":""saturday""},{""id"":1281,""open_closing_time"":""Cerrado"",""weekday"":""sunday""}]",2023-01-05T19:34:46.647Z,2025-05-13T19:26:33.277Z,2023-01-05T19:34:47.866Z
e8fe2a69c23c271d,Banco BHD,branch,Agencia Samaná,NORDESTE,"Ave. Malecón, Plaza Pueblo Príncipe, Local 1, Municipio De Samaná",829-244-5000,,,Dominican Republic,DO,19.20305,-69.3381,"Ave. Malecón, Plaza Pueblo Príncipe, Local 1, Municipio De Samaná",,official_api,bhd_official_api,,,bhd_public_locations_api,https://backend.bhd.com.do/api/locations,80,sucursales,False,Puedes realizar tus transacciones y solicitar tus servicios donde ejecutivos especializados te brindarán una asesoría personalizada de acuerdo a tus necesidades.,,,"[{""id"":408,""open_closing_time"":""8:30 am - 4:00 pm"",""weekday"":""monday""},{""id"":409,""open_closing_time"":""8:30 am - 4:00 pm"",""weekday"":""tuesday""},{""id"":410,""open_closing_time"":""8:30 am - 4:00 pm"",""weekday"":""wednesday""},{""id"":411,""open_closing_time"":""8:30 am - 4:00 pm"",""weekday"":""thursday""},{""id"":412,""open_closing_time"":""8:30 am - 4:00 pm"",""weekday"":""friday""},{""id"":413,""open_closing_time"":""9:00 am a 1:00 pm"",""weekday"":""saturday""},{""id"":1266,""open_closing_time"":""Cerrado"",""weekday"":""sunday""}]",2023-01-05T15:26:47.124Z,2023-02-28T14:06:38.065Z,2023-01-05T15:26:48.937Z
9541d1fad81db8b4,Banco BHD,branch,Agencia San Francisco II,NORDESTE,"Ave. Antonio Guzmán( En La Entrada A San Fco. De Macorís ), Provincia Duarte.",809-744-7001,,,Dominican Republic,DO,19.28675,-70.27131,"Ave. Antonio Guzmán( En La Entrada A San Fco. De Macorís ), Provincia Duarte.",,official_api,bhd_official_api,,,bhd_public_locations_api,https://backend.bhd.com.do/api/locations,81,sucursales,False,Puedes realizar tus transacciones y solicitar tus servicios donde ejecutivos especializados te brindarán una asesoría personalizada de acuerdo a tus necesidades.,,Horario del Autobanco: lunes a viernes 8:30 a.m. a 5:00 p.m. y sábados de 9:00 a. m a 1:00 p. m.,"[{""id"":414,""open_closing_time"":""8:30 am - 4:00 pm"",""weekday"":""monday""},{""id"":415,""open_closing_time"":""8:30 am - 4:00 pm"",""weekday"":""tuesday""},{""id"":416,""open_closing_time"":""8:30 am - 4:00 pm"",""weekday"":""wednesday""},{""id"":417,""open_closing_time"":""8:30 am - 4:00 pm"",""weekday"":""thursday""},{""id"":418,""open_closing_time"":""8:30 am - 4:00 pm"",""weekday"":""friday""},{""id"":419,""open_closing_time"":""9:00 am a 1:00 pm"",""weekday"":""saturday""},{""id"":1267,""open_closing_time"":""Cerrado"",""weekday"":""sunday""}]",2023-01-05T15:29:23.299Z,2025-02-24T17:05:26.904Z,2023-01-05T15:29:25.162Z
230f1aa80c6618b1,Banco BHD,branch,Agencia Tamboril,NORDESTE,"Calle Real #90 Tamboril, Santiago Rep. Dom.",809-894-5011,,,Dominican Republic,DO,19.48487,-70.60915,"Calle Real #90 Tamboril, Santiago Rep. Dom.",,official_api,bhd_official_api,,,bhd_public_locations_api,https://backend.bhd.com.do/api/locations,92,sucursales,False,Puedes realizar tus transacciones y solicitar tus servicios donde ejecutivos especializados te brindarán una asesoría personalizada de acuerdo a tus necesidades.,,,"[{""id"":481,""open_closing_time"":""8:30 am - 4:00 pm"",""weekday"":""monday""},{""id"":480,""open_closing_time"":""8:30 am - 4:00 pm"",""weekday"":""tuesday""},{""id"":482,""open_closing_time"":""8:30 am - 4:00 pm"",""weekday"":""wednesday""},{""id"":483,""open_closing_time"":""8:30 am - 4:00 pm"",""weekday"":""thursday""},{""id"":484,""open_closing_time"":""8:30 am - 4:00 pm"",""weekday"":""friday""},{""id"":485,""open_closing_time"":""9:00 am a 1:00 pm"",""weekday"":""saturday""},{""id"":1278,""open_closing_time"":""Cerrado"",""weekday"":""sunday""}]",2023-01-05T19:29:11.659Z,2023-02-28T14:51:30.146Z,2023-01-05T19:29:13.686Z
3f1dfda5055aead2,Banco BHD,branch,Agencia Tenares,NORDESTE,"En la calle Duarte No 112 Tenares, Salida a San Francisco de Macorís",829-242-5000,,,Dominican Republic,DO,19.290201589369914,-70.26066306442613,"En la calle Duarte No 112 Tenares, Salida a San Francisco de Macorís",,official_api,bhd_official_api,,,bhd_public_locations_api,https://backend.bhd.com.do/api/locations,83,sucursales,False,Puedes realizar tus transacciones y solicitar tus servicios donde ejecutivos especializados te brindarán una asesoría personalizada de acuerdo a tus necesidades.,,Autobanco: lunes a viernes 8:30 a 5:00 p.m. Sábados de 9:00am a 1:00pm,"[{""id"":426,""open_closing_time"":""8:30 am - 4:00 pm"",""weekday"":""monday""},{""id"":427,""open_closing_time"":""8:30 am - 4:00 pm"",""weekday"":""tuesday""},{""id"":428,""open_closing_time"":""8:30 am - 4:00 pm"",""weekday"":""wednesday""},{""id"":429,""open_closing_time"":""8:30 am - 4:00 pm"",""weekday"":""thursday""},{""id"":430,""open_closing_time"":""8:30 am - 4:00 pm"",""weekday"":""friday""},{""id"":431,""open_closing_time"":""9:00 am a 1:00 pm"",""weekday"":""saturday""},{""id"":1269,""open_closing_time"":""Cerrado"",""weekday"":""sunday""}]",2023-01-05T16:02:19.925Z,2025-06-12T19:40:32.377Z,2023-01-05T16:02:21.190Z
e9a407f6e2b37e77,Banco BHD,branch,San Francisco de Macorís,NORDESTE,"Calle El Carmen #1 Esq. Padre Billini, S.F.M",809-744-7000,,,Dominican Republic,DO,19.29991,-70.25773,"Calle El Carmen #1 Esq. Padre Billini, S.F.M",,official_api,bhd_official_api,,,bhd_public_locations_api,https://backend.bhd.com.do/api/locations,84,sucursales,False,Puedes realizar tus transacciones y solicitar tus servicios donde ejecutivos especializados te brindarán una asesoría personalizada de acuerdo a tus necesidades.,,Horario de Autocaja: de Lunes - Viernes 8:30 a. m. - 6:00 p. m. Sábados 9:00 a. m. - 1:00 p. m. Horario Extendido: Lunes - Viernes 10:30 a. m. 6:00 p. m. Sábados 9:00 a. m. - 1:00 p. m.,"[{""id"":432,""open_closing_time"":""8:30 am - 4:00 pm"",""weekday"":""monday""},{""id"":433,""open_closing_time"":""8:30 am - 4:00 pm"",""weekday"":""tuesday""},{""id"":434,""open_closing_time"":""8:30 am - 4:00 pm"",""weekday"":""wednesday""},{""id"":435,""open_closing_time"":""8:30 am - 4:00 pm"",""weekday"":""thursday""},{""id"":436,""open_closing_time"":""8:30 am - 4:00 pm"",""weekday"":""friday""},{""id"":437,""open_closing_time"":""9:00 am a 1:00 pm"",""weekday"":""saturday""},{""id"":1270,""open_closing_time"":""Cerrado"",""weekday"":""sunday""}]",2023-01-05T16:11:54.331Z,2025-04-25T14:55:03.056Z,2023-01-05T16:12:00.467Z
376fbba44ab44f8a,Banco BHD,branch,Sucursal Bonao,NORDESTE,"C/ Duarte, # 179, Centro Ciudad",809-898-5005,,,Dominican Republic,DO,18.9428,-70.41064,"C/ Duarte, # 179, Centro Ciudad",,official_api,bhd_official_api,,,bhd_public_locations_api,https://backend.bhd.com.do/api/locations,82,sucursales,False,Puedes realizar tus transacciones y solicitar tus servicios donde ejecutivos especializados te brindarán una asesoría personalizada de acuerdo a tus necesidades.,,Horario de Autobanco de lunes a viernes de 8:30 a. m. a 5:00 p. m. y sábados de 9:00 a. m. a 1:00 p. m.,"[{""id"":420,""open_closing_time"":""8:30 am - 4:00 pm"",""weekday"":""monday""},{""id"":422,""open_closing_time"":""8:30 am - 4:00 pm"",""weekday"":""tuesday""},{""id"":421,""open_closing_time"":""8:30 am - 4:00 pm"",""weekday"":""wednesday""},{""id"":423,""open_closing_time"":""8:30 am - 4:00 pm"",""weekday"":""thursday""},{""id"":425,""open_closing_time"":""8:30 am - 4:00 pm"",""weekday"":""friday""},{""id"":424,""open_closing_time"":""9:00 am a 1:00 pm"",""weekday"":""saturday""},{""id"":1268,""open_closing_time"":""Cerrado"",""weekday"":""sunday""}]",2023-01-05T15:55:49.084Z,2025-02-17T20:11:44.089Z,2023-01-05T15:55:50.940Z
ec5358ba8644ef9e,Banco BHD,branch,Sucursal Constanza II BL,NORDESTE,"C/ General Luperon Esq. Miguel Andres Abreu, Centro Ciudad",809-896-7001,,,Dominican Republic,DO,18.9090998,-70.7373128,"C/ General Luperon Esq. Miguel Andres Abreu, Centro Ciudad",,official_api,bhd_official_api,,,bhd_public_locations_api,https://backend.bhd.com.do/api/locations,85,sucursales,False,Puedes realizar tus transacciones y solicitar tus servicios donde ejecutivos especializados te brindarán una asesoría personalizada de acuerdo a tus necesidades.,,,"[{""id"":438,""open_closing_time"":""8:30 am - 4:00 pm"",""weekday"":""monday""},{""id"":439,""open_closing_time"":""8:30 am - 4:00 pm"",""weekday"":""tuesday""},{""id"":440,""open_closing_time"":""8:30 am - 4:00 pm"",""weekday"":""wednesday""},{""id"":441,""open_closing_time"":""8:30 am - 4:00 pm"",""weekday"":""thursday""},{""id"":442,""open_closing_time"":""8:30 am - 4:00 pm"",""weekday"":""friday""},{""id"":443,""open_closing_time"":""9:00 am a 1:00 pm"",""weekday"":""saturday""},{""id"":1271,""open_closing_time"":""Cerrado"",""weekday"":""sunday""}]",2023-01-05T16:14:27.580Z,2023-02-28T14:46:47.711Z,2023-01-05T16:14:28.944Z
d2863efadf95f3d9,Banco BHD,branch,Sucursal Cotuí BL,NORDESTE,"calle Duarte, esq. Mella, #16, Cotui, Prov. Sanchez Ramirez, RD.",809-240-4413,,,Dominican Republic,DO,19.05832,-70.15364,"calle Duarte, esq. Mella, #16, Cotui, Prov. Sanchez Ramirez, RD.",,official_api,bhd_official_api,,,bhd_public_locations_api,https://backend.bhd.com.do/api/locations,86,sucursales,False,Puedes realizar tus transacciones y solicitar tus servicios donde ejecutivos especializados te brindarán una asesoría personalizada de acuerdo a tus necesidades.,,,"[{""id"":444,""open_closing_time"":""8:30 am - 4:00 pm"",""weekday"":""monday""},{""id"":445,""open_closing_time"":""8:30 am - 4:00 pm"",""weekday"":""tuesday""},{""id"":446,""open_closing_time"":""8:30 am - 4:00 pm"",""weekday"":""wednesday""},{""id"":447,""open_closing_time"":""8:30 am - 4:00 pm"",""weekday"":""thursday""},{""id"":448,""open_closing_time"":""8:30 am - 4:00 pm"",""weekday"":""friday""},{""id"":449,""open_closing_time"":""9:00 am a 1:00 pm"",""weekday"":""saturday""},{""id"":1272,""open_closing_time"":""Cerrado"",""weekday"":""sunday""}]",2023-01-05T16:19:05.210Z,2026-02-12T20:57:21.069Z,2023-01-05T16:19:06.368Z
aa23b3fdd8aaf623,Banco BHD,branch,Sucursal La Vega II BL,NORDESTE,"Av. Rivas #129, La Vega",809-896-7010,,,Dominican Republic,DO,19.22457,-70.53082,"Av. Rivas #129, La Vega",,official_api,bhd_official_api,,,bhd_public_locations_api,https://backend.bhd.com.do/api/locations,97,sucursales,False,Puedes realizar tus transacciones y solicitar tus servicios donde ejecutivos especializados te brindarán una asesoría personalizada de acuerdo a tus necesidades.,,Horario de Autobanco: lunes a viernes 8:30 a.m. a 6:00 p.m. y sábados: De 9:00 a.m. a 1:00 p.m.,"[{""id"":510,""open_closing_time"":""8:30 am - 6:00 pm"",""weekday"":""monday""},{""id"":511,""open_closing_time"":""8:30 am - 6:00 pm"",""weekday"":""tuesday""},{""id"":512,""open_closing_time"":""8:30 am - 6:00 pm"",""weekday"":""wednesday""},{""id"":513,""open_closing_time"":""8:30 am - 6:00 pm"",""weekday"":""thursday""},{""id"":514,""open_closing_time"":""8:30 am - 6:00 pm"",""weekday"":""friday""},{""id"":1283,""open_closing_time"":""9:00 am - 1:00 pm"",""weekday"":""saturday""},{""id"":1284,""open_closing_time"":""Cerrado"",""weekday"":""sunday""}]",2023-01-05T19:39:44.104Z,2026-08-24T16:07:57.198Z,2026-08-24T16:07:57.193Z
e23675afa5637d50,Banco BHD,branch,Sucursal Moca II,NORDESTE,Calle Córdova núm. 79.,809-898-1000,,,Dominican Republic,DO,19.39546,-70.52618,Calle Córdova núm. 79.,,official_api,bhd_official_api,,,bhd_public_locations_api,https://backend.bhd.com.do/api/locations,98,sucursales,False,Puedes realizar tus transacciones y solicitar tus servicios donde ejecutivos especializados te brindarán una asesoría personalizada de acuerdo a tus necesidades.,,Autobanco: lunes a viernes 8:30 a. m. a 5:00 p. m.,"[{""id"":516,""open_closing_time"":""8:30 am - 4:00 pm"",""weekday"":""monday""},{""id"":515,""open_closing_time"":""8:30 am - 4:00 pm"",""weekday"":""tuesday""},{""id"":517,""open_closing_time"":""8:30 am - 4:00 pm"",""weekday"":""wednesday""},{""id"":518,""open_closing_time"":""8:30 am - 4:00 pm"",""weekday"":""thursday""},{""id"":519,""open_closing_time"":""8:30 am - 4:00 pm"",""weekday"":""friday""},{""id"":520,""open_closing_time"":""9:00 am a 1:00 pm"",""weekday"":""saturday""},{""id"":1285,""open_closing_time"":""Cerrado"",""weekday"":""sunday""}]",2023-01-05T19:56:38.017Z,2024-12-02T18:47:10.770Z,2023-01-05T19:56:40.696Z
95d194170eb2c966,Banco BHD,branch,Sucursal Navarrete,NORDESTE,"Ave. Duarte Esq. Santa Ana, Plaza Don Julio",809-894-5033,,,Dominican Republic,DO,19.56141,-70.87547,"Ave. Duarte Esq. Santa Ana, Plaza Don Julio",,official_api,bhd_official_api,,,bhd_public_locations_api,https://backend.bhd.com.do/api/locations,99,sucursales,False,Puedes realizar tus transacciones y solicitar tus servicios donde ejecutivos especializados te brindarán una asesoría personalizada de acuerdo a tus necesidades.,,,"[{""id"":521,""open_closing_time"":""8:30 am - 4:00 pm"",""weekday"":""monday""},{""id"":522,""open_closing_time"":""8:30 am - 4:00 pm"",""weekday"":""tuesday""},{""id"":523,""open_closing_time"":""8:30 am - 4:00 pm"",""weekday"":""wednesday""},{""id"":524,""open_closing_time"":""8:30 am - 4:00 pm"",""weekday"":""thursday""},{""id"":525,""open_closing_time"":""8:30 am - 4:00 pm"",""weekday"":""friday""},{""id"":526,""open_closing_time"":""9:00 am a 1:00 pm"",""weekday"":""saturday""},{""id"":1286,""open_closing_time"":""Cerrado"",""weekday"":""sunday""}]",2023-01-05T20:10:38.883Z,2023-02-28T14:55:29.567Z,2023-01-05T20:10:40.736Z
046a9a1e3ea87f6d,Banco BHD,branch,Sucursal Puerto Plata II BL,NORDESTE,"Centro Comercial Paseo Del Centro en la Av. Manolo Tavarez esq. Luis Ginebra (Frente a Jumbo) , Puerto Plata",,,,Dominican Republic,DO,19.7817714,-70.6753676,"Centro Comercial Paseo Del Centro en la Av. Manolo Tavarez esq. Luis Ginebra (Frente a Jumbo) , Puerto Plata",,official_api,bhd_official_api,,,bhd_public_locations_api,https://backend.bhd.com.do/api/locations,100,sucursales,False,,,,"[{""id"":527,""open_closing_time"":""9:00 am - 7:00 pm"",""weekday"":""monday""},{""id"":528,""open_closing_time"":""9:00 am - 7:00 pm"",""weekday"":""tuesday""},{""id"":529,""open_closing_time"":""9:00 am - 7:00 pm"",""weekday"":""wednesday""},{""id"":530,""open_closing_time"":""9:00 am - 7:00 pm"",""weekday"":""thursday""},{""id"":531,""open_closing_time"":""9:00 am - 7:00 pm"",""weekday"":""friday""},{""id"":532,""open_closing_time"":""9:00 am a 2:00 pm"",""weekday"":""saturday""}]",2023-01-05T20:12:34.072Z,2023-01-05T20:12:35.790Z,2023-01-05T20:12:35.783Z
fcd91a9ceeb28c07,Banco BHD,branch,Sucursal Sosua BL,NORDESTE,"C/ Pedro Clisante, Plaza Juan Perdomo, Local 1-A, Sosua",809-895-7006,,,Dominican Republic,DO,19.76554,-70.51308,"C/ Pedro Clisante, Plaza Juan Perdomo, Local 1-A, Sosua",,official_api,bhd_official_api,,,bhd_public_locations_api,https://backend.bhd.com.do/api/locations,101,sucursales,False,Puedes realizar tus transacciones y solicitar tus servicios donde ejecutivos especializados te brindarán una asesoría personalizada de acuerdo a tus necesidades.,,Horario de Autobanco: de lunes a viernes 8:30 a. m. a 5:00 p. m.,"[{""id"":533,""open_closing_time"":""8:30 am - 4:00 pm"",""weekday"":""monday""},{""id"":534,""open_closing_time"":""8:30 am - 4:00 pm"",""weekday"":""tuesday""},{""id"":535,""open_closing_time"":""8:30 am - 4:00 pm"",""weekday"":""wednesday""},{""id"":536,""open_closing_time"":""8:30 am - 4:00 pm"",""weekday"":""thursday""},{""id"":537,""open_closing_time"":""8:30 am - 4:00 pm"",""weekday"":""friday""},{""id"":538,""open_closing_time"":""9:00 am a 1:00 pm"",""weekday"":""saturday""},{""id"":1294,""open_closing_time"":""Cerrado"",""weekday"":""sunday""}]",2023-01-05T20:14:17.327Z,2025-08-13T16:20:19.160Z,2023-01-05T20:14:18.696Z
eb03ab72b41f3705,Banco BHD,branch,Sucursal Villa Vasquez,NORDESTE,"Ave. Libertad, # 65, Villa Vasquez",809-579-6673,,,Dominican Republic,DO,19.73758,-71.44831,"Ave. Libertad, # 65, Villa Vasquez",,official_api,bhd_official_api,,,bhd_public_locations_api,https://backend.bhd.com.do/api/locations,102,sucursales,False,Puedes realizar tus transacciones y solicitar tus servicios donde ejecutivos especializados te brindarán una asesoría personalizada de acuerdo a tus necesidades.,,,"[{""id"":539,""open_closing_time"":""8:30 am - 4:00 pm"",""weekday"":""monday""},{""id"":540,""open_closing_time"":""8:30 am - 4:00 pm"",""weekday"":""tuesday""},{""id"":541,""open_closing_time"":""8:30 am - 4:00 pm"",""weekday"":""wednesday""},{""id"":542,""open_closing_time"":""8:30 am - 4:00 pm"",""weekday"":""thursday""},{""id"":543,""open_closing_time"":""8:30 am - 4:00 pm"",""weekday"":""friday""},{""id"":544,""open_closing_time"":""9:00 am a 1:00 pm"",""weekday"":""saturday""},{""id"":1295,""open_closing_time"":""Cerrado"",""weekday"":""sunday""}]",2023-01-05T20:27:23.617Z,2023-02-28T15:00:43.628Z,2023-01-05T20:27:25.185Z
a4810057bfb41bdf,Banco BHD,branch,Superpola Las Terrenas,NORDESTE,"Calle Duarte, Plaza Supermercado Pola, Las Terrenas",829-813-5000,,,Dominican Republic,DO,19.311967,-69.5455514,"Calle Duarte, Plaza Supermercado Pola, Las Terrenas",,official_api,bhd_official_api,,,bhd_public_locations_api,https://backend.bhd.com.do/api/locations,87,sucursales,True,Puedes realizar tus transacciones y solicitar tus servicios donde ejecutivos especializados te brindarán una asesoría personalizada de acuerdo a tus necesidades.,,,"[{""id"":450,""open_closing_time"":""9:00 am - 7:00 pm"",""weekday"":""monday""},{""id"":451,""open_closing_time"":""9:00 am - 7:00 pm"",""weekday"":""tuesday""},{""id"":452,""open_closing_time"":""9:00 am - 7:00 pm"",""weekday"":""wednesday""},{""id"":453,""open_closing_time"":""9:00 am - 7:00 pm"",""weekday"":""thursday""},{""id"":454,""open_closing_time"":""9:00 am - 7:00 pm"",""weekday"":""friday""},{""id"":455,""open_closing_time"":""9:00 am a 2:00 pm"",""weekday"":""saturday""},{""id"":1273,""open_closing_time"":""Cerrado"",""weekday"":""sunday""}]",2023-01-05T16:24:42.886Z,2023-02-28T14:48:04.160Z,2023-01-05T16:24:44.191Z
8374d46073cb9124,Banco BHD,branch,Sucursal Puerto Plata III BL,NOROESTE,"Centro Comercial Paseo Del Centro en la Av. Manolo Tavarez esq. Luis Ginebra (Frente a Jumbo) , Puerto Plata",809-895-7004,,,Dominican Republic,DO,19.7817714,-70.6753676,"Centro Comercial Paseo Del Centro en la Av. Manolo Tavarez esq. Luis Ginebra (Frente a Jumbo) , Puerto Plata",,official_api,bhd_official_api,,,bhd_public_locations_api,https://backend.bhd.com.do/api/locations,1454,sucursales,True,Puedes realizar tus transacciones y solicitar tus servicios donde ejecutivos especializados te brindarán una asesoría personalizada de acuerdo a tus necesidades.,,Autobanco: lunes a viernes 9:00 a 7:00 p.m. y sábados: De 9:00 a. m. a 2:00 p. m.,"[{""id"":1287,""open_closing_time"":"" 9:00 am a 7:00 pm"",""weekday"":""monday""},{""id"":1288,""open_closing_time"":"" 9:00 am a 7:00 pm"",""weekday"":""tuesday""},{""id"":1289,""open_closing_time"":"" 9:00 am a 7:00 pm"",""weekday"":""wednesday""},{""id"":1290,""open_closing_time"":"" 9:00 am a 7:00 pm"",""weekday"":""thursday""},{""id"":1291,""open_closing_time"":"" 9:00 am a 7:00 pm"",""weekday"":""friday""},{""id"":1292,""open_closing_time"":""9:00 am a 2:00 pm"",""weekday"":""saturday""},{""id"":1293,""open_closing_time"":""Cerrado"",""weekday"":""sunday""}]",2023-02-28T14:57:41.541Z,2024-11-26T15:16:23.598Z,2023-02-28T14:57:43.059Z
fc32075c7b3094d2,Banco BHD,branch,Agencia Gurabo,SANTIAGO,"Carretera Luperón No. 70 Km. 2 1/2 Gurabo Santiago, Rep. Dom.",809-894-5002,,,Dominican Republic,DO,19.47513,-70.67569,"Carretera Luperón No. 70 Km. 2 1/2 Gurabo Santiago, Rep. Dom.",,official_api,bhd_official_api,,,bhd_public_locations_api,https://backend.bhd.com.do/api/locations,103,sucursales,False,Puedes realizar tus transacciones y solicitar tus servicios donde ejecutivos especializados te brindarán una asesoría personalizada de acuerdo a tus necesidades.,,Horario de Autobanco de lunes a viernes de 8:30 a. m. a 5:00 p. m. y sábados de 9:00 a. m. a 1:00 p. m.,"[{""id"":545,""open_closing_time"":"" 8:30 am - 4:00 pm"",""weekday"":""monday""},{""id"":546,""open_closing_time"":"" 8:30 am - 4:00 pm"",""weekday"":""tuesday""},{""id"":547,""open_closing_time"":"" 8:30 am - 4:00 pm"",""weekday"":""wednesday""},{""id"":548,""open_closing_time"":"" 8:30 am - 4:00 pm"",""weekday"":""thursday""},{""id"":549,""open_closing_time"":"" 8:30 am - 4:00 pm"",""weekday"":""friday""},{""id"":550,""open_closing_time"":""9:00 am a 1:00 pm"",""weekday"":""saturday""},{""id"":1296,""open_closing_time"":""Cerrado"",""weekday"":""sunday""}]",2023-01-05T20:31:32.852Z,2025-02-21T20:46:04.660Z,2023-01-05T20:31:34.187Z
d89bed14d3b22161,Banco BHD,branch,Agencia Hermanas Mirabal,SANTIAGO,"Ave. Hermanas Mirabal Esq. Calle Santiago Rodríguez, Santiago, Sector La Joya",809-894-5003,,,Dominican Republic,DO,19.45594,-70.70965,"Ave. Hermanas Mirabal Esq. Calle Santiago Rodríguez, Santiago, Sector La Joya",,official_api,bhd_official_api,,,bhd_public_locations_api,https://backend.bhd.com.do/api/locations,108,sucursales,False,Puedes realizar tus transacciones y solicitar tus servicios donde ejecutivos especializados te brindarán una asesoría personalizada de acuerdo a tus necesidades.,,Horario de Autocaja: Autobanco: lunes a viernes 8:30 a. m. 5:00 p. m.,"[{""id"":574,""open_closing_time"":""8:30 am - 4:00 pm"",""weekday"":""monday""},{""id"":575,""open_closing_time"":""8:30 am - 4:00 pm"",""weekday"":""tuesday""},{""id"":576,""open_closing_time"":""8:30 am - 4:00 pm"",""weekday"":""wednesday""},{""id"":577,""open_closing_time"":""8:30 am - 4:00 pm"",""weekday"":""thursday""},{""id"":578,""open_closing_time"":""8:30 am - 4:00 pm"",""weekday"":""friday""},{""id"":579,""open_closing_time"":""9:00 am a 1:00 pm"",""weekday"":""saturday""},{""id"":1302,""open_closing_time"":""Cerrado"",""weekday"":""sunday""}]",2023-01-05T20:39:34.409Z,2025-06-02T20:27:47.194Z,2023-01-05T20:39:36.083Z
0c7c157ade6027e0,Banco BHD,branch,Agencia HOMS Stantiago,SANTIAGO,"Aut. Duarte Km. 2.8, Sector Villa María, Santiago, Dentro De Las Instalaciones Hospital Metropolitano 1Er. Piso Edif. Profesional",809-894-5026,,,Dominican Republic,DO,,,"Aut. Duarte Km. 2.8, Sector Villa María, Santiago, Dentro De Las Instalaciones Hospital Metropolitano 1Er. Piso Edif. Profesional",,official_api_outside_dr_bounds,,,,bhd_public_locations_api,https://backend.bhd.com.do/api/locations,104,sucursales,False,Puedes realizar tus transacciones y solicitar tus servicios donde ejecutivos especializados te brindarán una asesoría personalizada de acuerdo a tus necesidades.,,Horario de Autocaja: lunes a viernes 9:00 a. m. a 5:00 p. m. y sábados de 9:00 a. m. a 1:00 p. m.,"[{""id"":551,""open_closing_time"":""9:00 am - 5:00 pm"",""weekday"":""monday""},{""id"":552,""open_closing_time"":""9:00 am - 5:00 pm"",""weekday"":""tuesday""},{""id"":553,""open_closing_time"":""9:00 am - 5:00 pm"",""weekday"":""wednesday""},{""id"":554,""open_closing_time"":""9:00 am - 5:00 pm"",""weekday"":""thursday""},{""id"":555,""open_closing_time"":""9:00 am - 5:00 pm"",""weekday"":""friday""},{""id"":556,""open_closing_time"":""9:00 am a 1:00 pm"",""weekday"":""saturday""},{""id"":1297,""open_closing_time"":""Cerrado"",""weekday"":""sunday""}]",2023-01-05T20:33:31.236Z,2026-02-20T20:57:42.570Z,2023-01-05T20:33:33.183Z
ffb83c713125db3d,Banco BHD,branch,Agencia Juan Pablo Duarte,SANTIAGO,"Av. Juan Pablo Duarte Esq. Calle Ponce, Santiago Rep. Dom.",809-894-5005,,,Dominican Republic,DO,19.4579,-70.69,"Av. Juan Pablo Duarte Esq. Calle Ponce, Santiago Rep. Dom.",,official_api,bhd_official_api,,,bhd_public_locations_api,https://backend.bhd.com.do/api/locations,105,sucursales,False,Puedes realizar tus transacciones y solicitar tus servicios donde ejecutivos especializados te brindarán una asesoría personalizada de acuerdo a tus necesidades.,,Horario de Autocaja: De lunes a viernes de 8:30 a. m. hasta las 6:00 p. m. y los sábados desde las 9:00 a. m. hasta la 1:00 p. m.,"[{""id"":557,""open_closing_time"":""8:30 am - 4:00 pm"",""weekday"":""monday""},{""id"":558,""open_closing_time"":""8:30 am - 4:00 pm"",""weekday"":""tuesday""},{""id"":559,""open_closing_time"":""8:30 am - 4:00 pm"",""weekday"":""wednesday""},{""id"":560,""open_closing_time"":""8:30 am - 4:00 pm"",""weekday"":""thursday""},{""id"":561,""open_closing_time"":""8:30 am - 4:00 pm"",""weekday"":""friday""},{""id"":562,""open_closing_time"":""9:00 am a 1:00 pm"",""weekday"":""saturday""},{""id"":1298,""open_closing_time"":""Cerrado"",""weekday"":""sunday""}]",2023-01-05T20:35:09.506Z,2025-05-30T16:16:35.069Z,2023-01-05T20:35:12.089Z
e474526259870b45,Banco BHD,branch,Agencia OP Santiago,SANTIAGO,"Juan Pablo Duarte No. 106, esquina Panorama",809-894-5004,,,Dominican Republic,DO,19.4591,-70.68156,"Juan Pablo Duarte No. 106, esquina Panorama",,official_api,bhd_official_api,,,bhd_public_locations_api,https://backend.bhd.com.do/api/locations,107,sucursales,False,Puedes realizar tus transacciones y solicitar tus servicios donde ejecutivos especializados te brindarán una asesoría personalizada de acuerdo a tus necesidades.,,,"[{""id"":569,""open_closing_time"":""8:30 am - 4:00 pm"",""weekday"":""monday""},{""id"":570,""open_closing_time"":""8:30 am - 4:00 pm"",""weekday"":""tuesday""},{""id"":571,""open_closing_time"":""8:30 am - 4:00 pm"",""weekday"":""wednesday""},{""id"":572,""open_closing_time"":""8:30 am - 4:00 pm"",""weekday"":""thursday""},{""id"":573,""open_closing_time"":""8:30 am - 4:00 pm"",""weekday"":""friday""},{""id"":1300,""open_closing_time"":""Cerrado"",""weekday"":""saturday""},{""id"":1301,""open_closing_time"":""Cerrado"",""weekday"":""sunday""}]",2023-01-05T20:37:57.545Z,2023-02-28T15:04:20.050Z,2023-01-05T20:37:59.389Z
58b609b2b071541c,Banco BHD,branch,Sucursal Galerías del Yaque,SANTIAGO,"Plaza Galerías del Yaque, ubicada en avenida Mirador del Yaque esquina Calle 2, urbanización Altos de Rafey.",809-894-5007,,,Dominican Republic,DO,,,"Plaza Galerías del Yaque, ubicada en avenida Mirador del Yaque esquina Calle 2, urbanización Altos de Rafey.",,official_api_outside_dr_bounds,,,,bhd_public_locations_api,https://backend.bhd.com.do/api/locations,106,sucursales,True,Puedes realizar tus transacciones y solicitar tus servicios donde ejecutivos especializados te brindarán una asesoría personalizada de acuerdo a tus necesidades.,,,"[{""id"":563,""open_closing_time"":""9:00 a.m. a 7:00 p.m."",""weekday"":""monday""},{""id"":564,""open_closing_time"":""9:00 a.m. a 7:00 p.m."",""weekday"":""tuesday""},{""id"":565,""open_closing_time"":""9:00 a.m. a 7:00 p.m."",""weekday"":""wednesday""},{""id"":566,""open_closing_time"":""9:00 a.m. a 7:00 p.m."",""weekday"":""thursday""},{""id"":567,""open_closing_time"":""9:00 a.m. a 7:00 p.m."",""weekday"":""friday""},{""id"":568,""open_closing_time"":""9:00 a.m. a 2:00 p.m."",""weekday"":""saturday""},{""id"":1299,""open_closing_time"":""Cerrado"",""weekday"":""sunday""}]",2023-01-05T20:36:35.286Z,2026-08-07T20:03:54.795Z,2023-01-05T20:36:37.559Z
6c563dfdce1daa52,Banco BHD,branch,Sucursal Los Jardines,SANTIAGO,"Ave. 27 De Febrero, Centro Comercial Los Jardines Santiago, Rep. Dom.",809-894-5009,,,Dominican Republic,DO,19.46066,-70.68909,"Ave. 27 De Febrero, Centro Comercial Los Jardines Santiago, Rep. Dom.",,official_api,bhd_official_api,,,bhd_public_locations_api,https://backend.bhd.com.do/api/locations,109,sucursales,False,Puedes realizar tus transacciones y solicitar tus servicios donde ejecutivos especializados te brindarán una asesoría personalizada de acuerdo a tus necesidades.,,,"[{""id"":580,""open_closing_time"":""8:30 am - 4:00 pm"",""weekday"":""monday""},{""id"":581,""open_closing_time"":""8:30 am - 4:00 pm"",""weekday"":""tuesday""},{""id"":582,""open_closing_time"":""8:30 am - 4:00 pm"",""weekday"":""wednesday""},{""id"":583,""open_closing_time"":""8:30 am - 4:00 pm"",""weekday"":""thursday""},{""id"":584,""open_closing_time"":""8:30 am - 4:00 pm"",""weekday"":""friday""},{""id"":585,""open_closing_time"":""9:00 am a 1:00 pm"",""weekday"":""saturday""},{""id"":1303,""open_closing_time"":""Cerrado"",""weekday"":""sunday""}]",2023-01-05T20:41:01.085Z,2023-02-28T15:05:31.144Z,2023-01-05T20:41:03.386Z
dd6665140bf6927a,Banco BHD,branch,Sucursal MC Estrella Sadhalá,SANTIAGO,"Ave. Estrella Sadhala Esq. Carretera Jacagua, Santiago",809-894-5028,,,Dominican Republic,DO,19.48638,-70.71294,"Ave. Estrella Sadhala Esq. Carretera Jacagua, Santiago",,official_api,bhd_official_api,,,bhd_public_locations_api,https://backend.bhd.com.do/api/locations,111,sucursales,True,Puedes realizar tus transacciones y solicitar tus servicios donde ejecutivos especializados te brindarán una asesoría personalizada de acuerdo a tus necesidades.,,,"[{""id"":592,""open_closing_time"":""9:00 am - 7:00 pm"",""weekday"":""monday""},{""id"":593,""open_closing_time"":""9:00 am - 7:00 pm"",""weekday"":""tuesday""},{""id"":594,""open_closing_time"":""9:00 am - 7:00 pm"",""weekday"":""wednesday""},{""id"":595,""open_closing_time"":""9:00 am - 7:00 pm"",""weekday"":""thursday""},{""id"":596,""open_closing_time"":""9:00 am - 7:00 pm"",""weekday"":""friday""},{""id"":597,""open_closing_time"":""9:00 am a 2:00 pm"",""weekday"":""saturday""},{""id"":1305,""open_closing_time"":""Cerrado"",""weekday"":""sunday""}]",2023-01-05T20:44:38.582Z,2025-05-23T19:27:08.148Z,2023-01-05T20:44:40.682Z
5b2be9099c501d0f,Banco BHD,branch,Sucursal Multicentro Embrujo BL,SANTIAGO,"Aut. Duarte Esq. Rafael Vidal, Multicentro La Sirena El Embrujo Santiago",809-894-5031,,,Dominican Republic,DO,19.4438,-70.67017,"Aut. Duarte Esq. Rafael Vidal, Multicentro La Sirena El Embrujo Santiago",,official_api,bhd_official_api,,,bhd_public_locations_api,https://backend.bhd.com.do/api/locations,110,sucursales,False,Puedes realizar tus transacciones y solicitar tus servicios donde ejecutivos especializados te brindarán una asesoría personalizada de acuerdo a tus necesidades.,,,"[{""id"":586,""open_closing_time"":""9:00 am - 7:00 pm"",""weekday"":""monday""},{""id"":587,""open_closing_time"":""9:00 am - 7:00 pm"",""weekday"":""tuesday""},{""id"":588,""open_closing_time"":""9:00 am - 7:00 pm"",""weekday"":""wednesday""},{""id"":589,""open_closing_time"":""9:00 am - 7:00 pm"",""weekday"":""thursday""},{""id"":590,""open_closing_time"":""9:00 am - 7:00 pm"",""weekday"":""friday""},{""id"":591,""open_closing_time"":""9:00 am a 2:00 pm"",""weekday"":""saturday""},{""id"":1304,""open_closing_time"":""Cerrado"",""weekday"":""sunday""}]",2023-01-05T20:42:57.522Z,2023-11-30T20:55:06.118Z,2023-01-05T20:42:58.792Z
2590bf71eb4b8a73,Banco BHD,branch,Sucursal Santiago Mirador BL,SANTIAGO,"Ave. Circunvalacion, # 10, Sector La Fuente",809-894-5029,,,Dominican Republic,DO,19.42995,-70.68955,"Ave. Circunvalacion, # 10, Sector La Fuente",,official_api,bhd_official_api,,,bhd_public_locations_api,https://backend.bhd.com.do/api/locations,112,sucursales,False,Puedes realizar tus transacciones y solicitar tus servicios donde ejecutivos especializados te brindarán una asesoría personalizada de acuerdo a tus necesidades.,,Horario del Autobanco: lunes a viernes 8:30 a.m. a 5:00 p.m.,"[{""id"":598,""open_closing_time"":""8:30 am - 4:00 pm"",""weekday"":""monday""},{""id"":599,""open_closing_time"":""8:30 am - 4:00 pm"",""weekday"":""tuesday""},{""id"":600,""open_closing_time"":""8:30 am - 4:00 pm"",""weekday"":""wednesday""},{""id"":601,""open_closing_time"":""8:30 am - 4:00 pm"",""weekday"":""thursday""},{""id"":602,""open_closing_time"":""8:30 am - 4:00 pm"",""weekday"":""friday""},{""id"":603,""open_closing_time"":""9:00 am a 1:00 pm"",""weekday"":""saturday""},{""id"":1306,""open_closing_time"":""Cerrado"",""weekday"":""sunday""}]",2023-01-05T20:46:19.513Z,2023-11-30T21:00:03.242Z,2023-01-05T20:46:21.314Z
95e696342674265e,Banco BHD,branch,Sucursal Santiago Sol BL,SANTIAGO,"C/ Del Sol, # 75",809-894-5027,,,Dominican Republic,DO,19.45076,-70.70248,"C/ Del Sol, # 75",,official_api,bhd_official_api,,,bhd_public_locations_api,https://backend.bhd.com.do/api/locations,113,sucursales,False,Puedes realizar tus transacciones y solicitar tus servicios donde ejecutivos especializados te brindarán una asesoría personalizada de acuerdo a tus necesidades.,,,"[{""id"":604,""open_closing_time"":""8:30 am - 4:00 pm"",""weekday"":""monday""},{""id"":605,""open_closing_time"":""8:30 am - 4:00 pm"",""weekday"":""tuesday""},{""id"":606,""open_closing_time"":""8:30 am - 4:00 pm"",""weekday"":""wednesday""},{""id"":607,""open_closing_time"":""8:30 am - 4:00 pm"",""weekday"":""thursday""},{""id"":608,""open_closing_time"":""8:30 am - 4:00 pm"",""weekday"":""friday""},{""id"":609,""open_closing_time"":""9:00 am a 1:00 pm"",""weekday"":""saturday""},{""id"":1307,""open_closing_time"":""Cerrado"",""weekday"":""sunday""}]",2023-01-05T20:49:07.258Z,2023-02-28T15:10:40.605Z,2023-01-05T20:49:09.400Z
caeff0bddd5f15f1,Banco BHD,branch,Agencia Bani,SUR,"Calle Sánchez # 8 Esq. Nuestra Señora De Regla Bani, Rep. Dom.",809-898-7000,,,Dominican Republic,DO,18.27969,-70.33097,"Calle Sánchez # 8 Esq. Nuestra Señora De Regla Bani, Rep. Dom.",,official_api,bhd_official_api,,,bhd_public_locations_api,https://backend.bhd.com.do/api/locations,114,sucursales,False,"En esta sucursal podrás realizar transacciones, consultas, solicitudes de productos y visitar el área de Servicios.",,Autobanco: lunes a viernes 8:30 a. m. a 5:00 p. m. y sábados de 9:00 a. m. a 1:00 p. m.,"[{""id"":610,""open_closing_time"":""8:30 am - 4:00 pm"",""weekday"":""monday""},{""id"":611,""open_closing_time"":""8:30 am - 4:00 pm"",""weekday"":""tuesday""},{""id"":612,""open_closing_time"":""8:30 am - 4:00 pm"",""weekday"":""wednesday""},{""id"":613,""open_closing_time"":""8:30 am - 4:00 pm"",""weekday"":""thursday""},{""id"":614,""open_closing_time"":""8:30 am - 4:00 pm"",""weekday"":""friday""},{""id"":615,""open_closing_time"":""9:00 am a 1:00 pm"",""weekday"":""saturday""},{""id"":709,""open_closing_time"":""Cerrado"",""weekday"":""sunday""}]",2023-01-05T20:52:15.195Z,2025-06-10T14:09:18.689Z,2023-01-05T20:52:16.513Z
ab0b79032f6cadda,Banco BHD,branch,Agencia BHD Azua,SUR,"Carretera Sanchez No. 2 Esq. Nuestra Señora De Fátima, Azua De Compostela",809-541-2020,,,Dominican Republic,DO,18.4537106,-70.7319472,"Carretera Sanchez No. 2 Esq. Nuestra Señora De Fátima, Azua De Compostela",,official_api,bhd_official_api,,,bhd_public_locations_api,https://backend.bhd.com.do/api/locations,123,sucursales,False,"En esta sucursal podrás realizar transacciones, consultas, solicitudes de productos y visitar el área de Servicios.",,Autobanco: lunes a viernes 8:30 a 5:00 p.m.,"[{""id"":662,""open_closing_time"":""8:30 am - 4:00 pm"",""weekday"":""monday""},{""id"":663,""open_closing_time"":""8:30 am - 4:00 pm"",""weekday"":""tuesday""},{""id"":664,""open_closing_time"":""8:30 am - 4:00 pm"",""weekday"":""wednesday""},{""id"":665,""open_closing_time"":""8:30 am - 4:00 pm"",""weekday"":""thursday""},{""id"":666,""open_closing_time"":""8:30 am - 4:00 pm"",""weekday"":""friday""},{""id"":712,""open_closing_time"":""9:00 am a 1:00 pm"",""weekday"":""saturday""},{""id"":713,""open_closing_time"":""Cerrado"",""weekday"":""sunday""}]",2023-01-05T22:37:24.488Z,2023-09-04T18:56:41.596Z,2023-01-05T22:37:28.307Z
4343e8d1ccf23c75,Banco BHD,branch,Agencia Haina,SUR,"Ave. Refinería Esq. Calle D, Zona Industrial De Haina, SC",809-243-5553,,,Dominican Republic,DO,18.40502,-70.03233,"Ave. Refinería Esq. Calle D, Zona Industrial De Haina, SC",,official_api,bhd_official_api,,,bhd_public_locations_api,https://backend.bhd.com.do/api/locations,115,sucursales,False,Puedes realizar tus transacciones y solicitar tus servicios donde ejecutivos especializados te brindarán una asesoría personalizada de acuerdo a tus necesidades.,,Autobanco de Lunes a viernes de 8:30 am a 5:00 pm,"[{""id"":616,""open_closing_time"":""8:30 am - 4:00 pm"",""weekday"":""monday""},{""id"":617,""open_closing_time"":""8:30 am - 4:00 pm"",""weekday"":""tuesday""},{""id"":618,""open_closing_time"":""8:30 am - 4:00 pm"",""weekday"":""wednesday""},{""id"":619,""open_closing_time"":""8:30 am - 4:00 pm"",""weekday"":""thursday""},{""id"":620,""open_closing_time"":""8:30 am - 4:00 pm"",""weekday"":""friday""},{""id"":621,""open_closing_time"":""9:00 am a 1:00 pm"",""weekday"":""saturday""},{""id"":1308,""open_closing_time"":""Cerrado"",""weekday"":""sunday""}]",2023-01-05T20:54:41.129Z,2023-08-30T21:57:10.365Z,2023-01-05T20:54:42.714Z
d0075a9c8d9b0000,Banco BHD,branch,Agencia Independencia,SUR,"Ave. Independencia Km. 8, Urbanización Marien D.N. Rep. Dom.",809-243-5534,,,Dominican Republic,DO,18.43433,-69.96041,"Ave. Independencia Km. 8, Urbanización Marien D.N. Rep. Dom.",,official_api,bhd_official_api,,,bhd_public_locations_api,https://backend.bhd.com.do/api/locations,116,sucursales,False,Puedes realizar tus transacciones y solicitar tus servicios donde ejecutivos especializados te brindarán una asesoría personalizada de acuerdo a tus necesidades.,,,"[{""id"":622,""open_closing_time"":""8:30 am - 4:00 pm"",""weekday"":""monday""},{""id"":623,""open_closing_time"":""8:30 am - 4:00 pm"",""weekday"":""tuesday""},{""id"":624,""open_closing_time"":""8:30 am - 4:00 pm"",""weekday"":""wednesday""},{""id"":625,""open_closing_time"":""8:30 am - 4:00 pm"",""weekday"":""thursday""},{""id"":626,""open_closing_time"":""8:30 am - 4:00 pm"",""weekday"":""friday""},{""id"":1309,""open_closing_time"":""Cerrado"",""weekday"":""saturday""},{""id"":1310,""open_closing_time"":""Cerrado"",""weekday"":""sunday""}]",2023-01-05T22:16:15.865Z,2023-02-28T15:12:25.285Z,2023-01-05T22:16:18.584Z
e24296965076337e,Banco BHD,branch,Agencia Luperón,SUR,"Av. Independencia Esq. Av. Luperón, Local No. 26 (Instalaciones De La Plaza Comercial Luperón) Santo Domingo, Rep. Dom.",809-243-5538,,,Dominican Republic,DO,18.42843,-69.99047,"Av. Independencia Esq. Av. Luperón, Local No. 26 (Instalaciones De La Plaza Comercial Luperón) Santo Domingo, Rep. Dom.",,official_api,bhd_official_api,,,bhd_public_locations_api,https://backend.bhd.com.do/api/locations,117,sucursales,False,Puedes realizar tus transacciones y solicitar tus servicios donde ejecutivos especializados te brindarán una asesoría personalizada de acuerdo a tus necesidades.,,Horario de Autobanco: lunes a viernes 9:00 a. m. a 5:00 p. m.,"[{""id"":627,""open_closing_time"":""9:00 am - 5:00 pm"",""weekday"":""monday""},{""id"":628,""open_closing_time"":""9:00 am - 5:00 pm"",""weekday"":""tuesday""},{""id"":629,""open_closing_time"":""9:00 am - 5:00 pm"",""weekday"":""wednesday""},{""id"":630,""open_closing_time"":""9:00 am - 5:00 pm"",""weekday"":""thursday""},{""id"":631,""open_closing_time"":""9:00 am - 5:00 pm"",""weekday"":""friday""},{""id"":632,""open_closing_time"":""9:00 am a 1:00 pm"",""weekday"":""saturday""},{""id"":1311,""open_closing_time"":""Cerrado"",""weekday"":""sunday""}]",2023-01-05T22:18:40.497Z,2025-11-27T17:51:46.405Z,2023-01-05T22:18:42.987Z
9bab1c74e50f350f,Banco BHD,branch,Agencia Multicentro Baní,SUR,"Av. Maximo Gomez, Carretera Sanchez , Salida Bani",809-898-7900,,,Dominican Republic,DO,18.280213,-70.341786,"Av. Maximo Gomez, Carretera Sanchez , Salida Bani",,official_api,bhd_official_api,,,bhd_public_locations_api,https://backend.bhd.com.do/api/locations,118,sucursales,True,Puedes realizar tus transacciones y solicitar tus servicios donde ejecutivos especializados te brindarán una asesoría personalizada de acuerdo a tus necesidades.,,,"[{""id"":633,""open_closing_time"":""9:00 a. m. - 7:00 p. m."",""weekday"":""monday""},{""id"":634,""open_closing_time"":""9:00 a. m. - 7:00 p. m."",""weekday"":""tuesday""},{""id"":635,""open_closing_time"":""9:00 a. m. - 7:00 p. m."",""weekday"":""wednesday""},{""id"":636,""open_closing_time"":""9:00 a. m. - 7:00 p. m."",""weekday"":""thursday""},{""id"":638,""open_closing_time"":""9:00 a. m. - 7:00 p. m."",""weekday"":""friday""},{""id"":637,""open_closing_time"":""9:00 a. m. - 2:00 p. m."",""weekday"":""saturday""},{""id"":8963,""open_closing_time"":""Cerrado"",""weekday"":""sunday""}]",2023-01-05T22:23:24.155Z,2025-07-01T17:04:09.693Z,2023-01-05T22:23:25.742Z
57ea880bdd78fa99,Banco BHD,branch,Agencia San Cristóbal - Constitución,SUR,Av. Constitución esquina Salcedo,809-799-7002,,,Dominican Republic,DO,18.41768,-70.096703,Av. Constitución esquina Salcedo,,official_api,bhd_official_api,,,bhd_public_locations_api,https://backend.bhd.com.do/api/locations,1455,sucursales,False,Puedes realizar tus transacciones y solicitar tus servicios donde ejecutivos especializados te brindarán una asesoría personalizada de acuerdo a tus necesidades.,,Horario de Autobanco de lunes a viernes de 8:30 a. m. a 5:00 p. m.,"[{""id"":1313,""open_closing_time"":""8:30 am a 4:00 pm"",""weekday"":""monday""},{""id"":1318,""open_closing_time"":""8:30 am a 4:00 pm"",""weekday"":""tuesday""},{""id"":1314,""open_closing_time"":""8:30 am a 4:00 pm"",""weekday"":""wednesday""},{""id"":1315,""open_closing_time"":""8:30 am a 4:00 pm"",""weekday"":""thursday""},{""id"":1319,""open_closing_time"":""8:30 am a 4:00 pm"",""weekday"":""friday""},{""id"":1316,""open_closing_time"":""9:00 am a 1:00 pm"",""weekday"":""saturday""},{""id"":1317,""open_closing_time"":""Cerrado"",""weekday"":""sunday""}]",2023-02-28T15:16:39.835Z,2026-03-06T23:07:55.186Z,2023-02-28T15:16:41.519Z
25cc6ed78283e721,Banco BHD,branch,Agencia San Cristóbal III,SUR,C/Maria Trinidad Sanchez #24,,,,Dominican Republic,DO,18.417677,-70.096703,C/Maria Trinidad Sanchez #24,,official_api,bhd_official_api,,,bhd_public_locations_api,https://backend.bhd.com.do/api/locations,119,sucursales,False,,,,"[{""id"":639,""open_closing_time"":""8:30 am - 4:00 pm"",""weekday"":""monday""},{""id"":640,""open_closing_time"":""8:30 am - 4:00 pm"",""weekday"":""tuesday""},{""id"":641,""open_closing_time"":""8:30 am - 4:00 pm"",""weekday"":""wednesday""},{""id"":642,""open_closing_time"":""8:30 am - 4:00 pm"",""weekday"":""thursday""},{""id"":643,""open_closing_time"":""8:30 am - 4:00 pm"",""weekday"":""friday""},{""id"":644,""open_closing_time"":""9:00 am a 1:00 pm"",""weekday"":""saturday""}]",2023-01-05T22:25:12.693Z,2023-01-05T22:42:06.685Z,2023-01-05T22:25:14.283Z
218c6fdfb7f41e5a,Banco BHD,branch,Agencia Sirena San Cristóbal,SUR,"Calle Sánchez Madre Vieja, San Cristóbal R.D.",809-799-7000,,,Dominican Republic,DO,18.41507,-70.10204,"Calle Sánchez Madre Vieja, San Cristóbal R.D.",,official_api,bhd_official_api,,,bhd_public_locations_api,https://backend.bhd.com.do/api/locations,120,sucursales,True,Puedes realizar tus transacciones y solicitar tus servicios donde ejecutivos especializados te brindarán una asesoría personalizada de acuerdo a tus necesidades.,,,"[{""id"":645,""open_closing_time"":""9:00 am - 7:00 pm"",""weekday"":""monday""},{""id"":646,""open_closing_time"":""9:00 am - 7:00 pm"",""weekday"":""tuesday""},{""id"":647,""open_closing_time"":""9:00 am - 7:00 pm"",""weekday"":""wednesday""},{""id"":648,""open_closing_time"":""9:00 am - 7:00 pm"",""weekday"":""thursday""},{""id"":649,""open_closing_time"":""9:00 am - 7:00 pm"",""weekday"":""friday""},{""id"":650,""open_closing_time"":""9:00 am a 2:00 pm"",""weekday"":""saturday""},{""id"":1320,""open_closing_time"":""Cerrado"",""weekday"":""sunday""}]",2023-01-05T22:29:43.585Z,2026-03-06T23:04:30.842Z,2023-01-05T22:29:45.484Z
01bc661743959bee,Banco BHD,branch,E León Jiménes,SUR,Ave. George Washington Dentro Del Edificio Corporativo De E Leon Jimenes,809-243-5502,,,Dominican Republic,DO,18.437493,-69.939483,Ave. George Washington Dentro Del Edificio Corporativo De E Leon Jimenes,,official_api,bhd_official_api,,,bhd_public_locations_api,https://backend.bhd.com.do/api/locations,121,sucursales,False,Puedes realizar tus transacciones y solicitar tus servicios donde ejecutivos especializados te brindarán una asesoría personalizada de acuerdo a tus necesidades.,,,"[{""id"":651,""open_closing_time"":""8:30 am - 4:00 pm"",""weekday"":""monday""},{""id"":652,""open_closing_time"":""8:30 am - 4:00 pm"",""weekday"":""tuesday""},{""id"":653,""open_closing_time"":""8:30 am - 4:00 pm"",""weekday"":""wednesday""},{""id"":654,""open_closing_time"":""8:30 am - 4:00 pm"",""weekday"":""thursday""},{""id"":655,""open_closing_time"":""8:30 am - 4:00 pm"",""weekday"":""friday""},{""id"":1321,""open_closing_time"":""Cerrado"",""weekday"":""saturday""},{""id"":1322,""open_closing_time"":""Cerrado"",""weekday"":""sunday""}]",2023-01-05T22:31:45.967Z,2026-05-21T15:31:27.796Z,2023-01-05T22:34:03.699Z
cc565751fcaa0126,Banco BHD,branch,San Cristóbal,SUR,"Av. Constitución Esq. Calle Salcedo San Cristóbal, Rep. Dom.",809-799-7001,,,Dominican Republic,DO,18.42158,-70.11478,"Av. Constitución Esq. Calle Salcedo San Cristóbal, Rep. Dom.",,official_api,bhd_official_api,,,bhd_public_locations_api,https://backend.bhd.com.do/api/locations,125,sucursales,False,Puedes realizar tus transacciones y solicitar tus servicios donde ejecutivos especializados te brindarán una asesoría personalizada de acuerdo a tus necesidades.,,Horario de Autobanco: lunes a viernes de 8:30 a. m. hasta las 5:00 p. m.,"[{""id"":673,""open_closing_time"":""8:30 am - 4:00 pm"",""weekday"":""monday""},{""id"":674,""open_closing_time"":""8:30 am - 4:00 pm"",""weekday"":""tuesday""},{""id"":675,""open_closing_time"":""8:30 am - 4:00 pm"",""weekday"":""wednesday""},{""id"":676,""open_closing_time"":""8:30 am - 4:00 pm"",""weekday"":""thursday""},{""id"":677,""open_closing_time"":""8:30 am - 4:00 pm"",""weekday"":""friday""},{""id"":678,""open_closing_time"":""9:00 am a 1:00 pm"",""weekday"":""saturday""},{""id"":1325,""open_closing_time"":""Cerrado"",""weekday"":""sunday""}]",2023-01-05T22:41:19.583Z,2025-06-02T20:31:12.383Z,2023-01-05T22:41:21.184Z
f23a0d247ff101ed,Banco BHD,branch,Sucursal Dajabón,SUR,Calle Beller esquina De Jesús Senfleur,243-5000,,,Dominican Republic,DO,19.549631,-71.7065871,Calle Beller esquina De Jesús Senfleur,,official_api,bhd_official_api,,,bhd_public_locations_api,https://backend.bhd.com.do/api/locations,1491,sucursales,False,,,Horario de Autobanco: lunes a viernes 8:30 a. m. a 4:00 p. m.,"[{""id"":8941,""open_closing_time"":""8:30 a. m. - 4:00 p. m."",""weekday"":""monday""},{""id"":8942,""open_closing_time"":""8:30 a. m. - 4:00 p. m."",""weekday"":""tuesday""},{""id"":8943,""open_closing_time"":""8:30 a. m. - 4:00 p. m."",""weekday"":""wednesday""},{""id"":8944,""open_closing_time"":""8:30 a. m. - 4:00 p. m."",""weekday"":""thursday""},{""id"":8945,""open_closing_time"":""8:30 a. m. - 4:00 p. m."",""weekday"":""friday""},{""id"":8946,""open_closing_time"":""9:00 a. m. - 1:00 p. m."",""weekday"":""saturday""}]",2025-05-13T21:02:25.608Z,2025-07-30T13:56:44.243Z,2025-05-13T21:02:27.607Z
4559b62ee407fd84,Banco BHD,branch,Sucursal Independencia II,SUR,"Ave. Independencia, # 15 Esq. Calle A",809-243-5526,,,Dominican Republic,DO,18.4411668,-69.944219,"Ave. Independencia, # 15 Esq. Calle A",,official_api,bhd_official_api,,,bhd_public_locations_api,https://backend.bhd.com.do/api/locations,126,sucursales,False,Puedes realizar tus transacciones y solicitar tus servicios donde ejecutivos especializados te brindarán una asesoría personalizada de acuerdo a tus necesidades.,,Horario de Autocaja de De lunes a viernes: De 8:30 a.m. a 5:00 p.m.,"[{""id"":679,""open_closing_time"":""8:30 am - 4:00 pm"",""weekday"":""monday""},{""id"":680,""open_closing_time"":""8:30 am - 4:00 pm"",""weekday"":""tuesday""},{""id"":681,""open_closing_time"":""8:30 am - 4:00 pm"",""weekday"":""wednesday""},{""id"":682,""open_closing_time"":""8:30 am - 4:00 pm"",""weekday"":""thursday""},{""id"":683,""open_closing_time"":""8:30 am - 4:00 pm"",""weekday"":""friday""},{""id"":684,""open_closing_time"":""9:00 am a 1:00 pm"",""weekday"":""saturday""},{""id"":1326,""open_closing_time"":""Cerrado"",""weekday"":""sunday""}]",2023-01-05T22:43:38.316Z,2026-02-20T20:56:31.245Z,2023-01-05T22:44:21.803Z
